id,start_node,end_node
4780792,30341012,30594809
4780793,30594809,3772750754
4780794,3772750754,30594812
4780795,30594812,30956904
4780796,30956904,268639104
4780797,268639104,268633522
4780798,268633522,2434317331
4780799,2434317331,5868903526
4780800,5868903526,1983085867
4780801,1983085867,2434317335
4780802,2434317335,269994176
4780803,269994176,270209445
4780804,270209445,270209444
4780805,270209444,270209447
4780806,270209447,269994178
4780807,269994178,3383901542
4780808,3383901542,269997729
4780809,269997729,269994167
4818252,30956872,269989266
4818253,269989266,30956873
4818253,30956901,269989269
4818254,269989269,269988898
4818255,269988898,269987048
4818256,269987048,6148129477
4818257,6148129477,3772750963
4818259,30956999,270114896
4818260,270114896,270114943
4818261,270114943,8254592585
4818262,8254592585,270114933
4818263,270114933,270114909
4818264,270114909,270114945
4818265,270114945,270114806
4818266,270114806,30956996
20457383,4312168553,269994000
20457384,269994000,269994176
24689815,10702861275,269825324
24689816,269825324,269822533
24689817,269822533,3642877293
24689818,3642877293,7955930767
24689819,7955930767,30385298
24701168,269961130,269963560
24701169,269963560,4523950641
24702765,268499921,270978609
24702766,270978609,268500003
24702811,268500306,268508488
24702812,268508488,268633735
24702877,268500468,8390670387
24703056,268510533,3396214530
24703059,4523950730,8067008427
24703060,8067008427,4523950727
24703061,4523950727,4523950721
24703062,4523950721,268514126
24703063,268514126,268510533
24703062,30340999,8398148951
24703063,8398148951,8081674785
24703064,8081674785,268511175
24703065,30340999,8398148949
24703066,8398148949,842889546
24703067,842889546,274184690
24703068,274184690,268615848
24703690,1409559522,4523950695
24703691,4523950695,268508490
24703692,268508490,2353188069
24703693,2353188069,1420660836
24703694,1420660836,1409559432
24703695,1409559432,268508491
24703691,268512387,5840582515
24703692,5840582515,268615850
24703693,268615850,4523950617
24703694,4523950617,4523950618
24703695,4523950618,950568590
24703696,950568590,268508494
24703741,268509739,10591136829
24703742,10591136829,10757798861
24703743,10757798861,8078707598
24703744,8078707598,1446103277
24703745,1446103277,8078707597
24703746,8078707597,268509737
24703747,268509737,268509736
24703748,268509736,8078757062
24703749,8078757062,268822693
24703750,268822693,8078757058
24703751,8078757058,2461446827
24703752,2461446827,268509735
24703753,268509735,2461446829
24703754,2461446829,6148209279
24703755,6148209279,2461446831
24703903,268511171,8512238380
24703904,8512238380,8512238379
24703905,8512238379,269828167
24703906,269828167,8512238378
24703907,8512238378,269830124
24703908,269830124,269826675
24703909,269826675,269830435
24703910,269830435,7964878356
24703911,7964878356,269826155
24703912,269826155,269833646
24703913,269833646,269834077
24703914,269834077,269832530
24703906,268511173,2434311926
24703907,2434311926,268862196
24703908,268862196,268862648
24703909,268862648,268860777
24703972,268511175,268822683
24703973,268822683,268511994
24704251,268514123,268514124
24704252,268514124,6136121777
24704253,6136121777,10172175738
24704254,10172175738,268862631
24704255,268862631,1975843110
24704256,1975843110,8067023710
24704257,8067023710,268514125
24704450,30341002,268511174
24704451,268511174,5838396930
24704452,5838396930,4523950642
24704451,842889555,8551065164
24704452,8551065164,842889561
24704453,842889561,1122529123
24704454,1122529123,269960576
24713393,30341007,7196556412
24713394,7196556412,10757798862
24713395,10757798862,4805302039
24713396,4805302039,1446103278
24713397,1446103278,8078707596
24713398,8078707596,268510355
24713399,268510355,268510356
24713397,268615854,2434311929
24713398,2434311929,8230447257
24713399,8230447257,8230447274
24713400,8230447274,856460893
24713401,856460893,4523950646
24713402,4523950646,8233452494
24713403,8233452494,268615852
24713404,268615852,8075652031
24713409,268615855,8345461130
24713410,8345461130,7196387357
24713411,7196387357,2434311932
24713412,2434311932,3179081393
24713413,3179081393,1420660834
24713410,30341005,268861638
24713411,268861638,8081699624
24713863,268620192,268620193
24713864,268620193,8508699938
24713865,8508699938,8508699939
24713866,8508699939,269995703
24713867,269995703,269995395
24713868,269995395,270208045
24713869,270208045,268620195
24713969,268620937,269988897
24713970,269988897,269989268
24713971,269989268,269989629
24713972,269989629,8256792047
24713973,8256792047,270115041
24713974,270115041,268620192
24714067,3772750963,3993793514
24714068,3993793514,30594530
24714069,30594530,268622218
24714070,268622218,30956904
24715388,269956908,268633522
24715389,268633522,3603314960
24715603,268621340,268621359
24715604,268621359,268615862
24715605,268615862,30594548
24715606,30594548,30341013
24715664,268636314,269989270
24715665,269989270,8796680911
24715666,8796680911,269989630
24715667,269989630,8796680915
24715668,8796680915,269990664
24715669,269990664,269990542
24715670,269990542,269989981
24715671,269989981,2265931054
24715665,4312134571,4576971707
24715666,4576971707,9421108873
24715667,9421108873,5065079150
24715668,5065079150,8508638910
24715669,8508638910,5065075410
24738440,7964725258,268862780
24738441,268862780,268862788
24738442,268862788,268862971
24738443,268862971,8230447263
24738444,8230447263,856460893
24738445,856460893,268863153
24738446,268863153,268861572
24738447,268861572,268863171
24738448,268863171,856460890
24738449,856460890,268861160
24738450,268861160,8078510897
24738451,8078510897,8551065168
24738452,8551065168,268508486
24738441,268860776,268860777
24738442,268860777,4523950652
24738465,268861160,268861390
24738466,268861390,8078510899
24738482,268861219,4523950670
24738483,4523950670,268861478
24738484,268861478,8551065169
24738485,8551065169,268861390
24738489,268861478,268861479
24738496,268861551,2434311930
24738497,2434311930,5117564669
24738498,5117564669,268861572
24738578,268861657,10591136830
24738579,10591136830,8075966810
24738580,8075966810,8075966811
24738581,8075966811,8075966809
24738582,8075966809,1446103275
24738592,8398057712,268863264
24738593,268863264,268862658
24738594,268862658,4523950617
24738595,4523950617,4275860609
24738596,4275860609,4275860607
24738597,4275860607,4523950616
24738598,4523950616,268865285
24738599,268865285,268865287
24738600,268865287,268862315
24738601,268862315,268865289
24738602,268865289,268862663
24738603,268862663,268862317
24738626,268862785,268862780
24738627,268862788,268862789
24738659,268862792,268862971
24738672,268863152,4523950650
24738673,4523950650,268863153
24738675,268863171,4523950651
24738676,4523950651,268863172
24738692,268863176,268863319
24738693,268863319,268863264
24738694,268863211,268863319
24738736,268863406,268865290
24738737,268865290,4788979474
24738738,4788979474,268863848
24738925,268865285,268865286
24738926,268865287,268865288
24738927,268865289,268865290
24836017,30385296,2131758333
24836018,2131758333,8026253475
24836019,8026253475,8534238762
24836020,8534238762,8534238761
24836021,8534238761,269821700
24836022,269821700,269821983
24836023,269821983,269821891
24836024,269821891,269821772
24836025,269821772,269821580
24836026,269821580,269820959
24836027,269820959,269819947
24836028,269819947,8227345217
24836029,8227345217,5830989440
24836030,5830989440,5830989441
24836031,5830989441,269820368
24836019,269820143,2131738804
24836020,2131738804,269820368
24836021,269820368,269820329
24836050,30594785,2266653687
24836051,2266653687,8534238768
24836052,8534238768,8534238769
24836053,8534238769,269820842
24836054,269820842,30594786
24836098,1385809390,6148209269
24836099,6148209269,8337735233
24836100,8337735233,269827039
24836101,269827039,269827028
24836102,269827028,269825426
24836103,269825426,8337735227
24836104,8337735227,9723597398
24836105,9723597398,269820952
24836106,269820952,5830989441
24836107,5830989441,8337735226
24836108,8337735226,1420541289
24836100,30594788,269820959
24836101,269820959,269820958
24836102,269820958,269821404
24836103,269821404,269820987
24836104,269820987,4070643455
24836105,4070643455,10697775153
24836106,10697775153,269820962
24836107,269820962,10697775151
24836108,10697775151,7914371497
24836109,7914371497,7914371496
24836110,7914371496,10262766668
24836111,10262766668,8511622663
24836112,8511622663,268438712
24836108,269821579,269821580
24836109,269821580,268451147
24836117,269822533,2131758278
24836118,2131758278,269822462
24836146,269825078,10176146790
24836147,10176146790,269825429
24836148,269825429,268449691
24836149,268449691,269825261
24836172,268514242,8078863123
24836173,8078863123,4523950749
24836174,4523950749,1420660841
24836175,1420660841,3989252458
24836176,3989252458,269825324
24836177,269825324,2131758307
24836178,2131758307,10702916857
24836179,10702916857,269825424
24836180,269825424,10702916855
24836181,10702916855,10155974408
24836182,10155974408,269825425
24836183,269825425,5912724334
24836184,5912724334,10702893519
24836185,10702893519,269825431
24836186,269825431,10176146804
24836187,10176146804,10176146792
24836188,10176146792,10702893511
24836189,10702893511,269822665
24836190,269822665,10702893510
24836191,10702893510,269826153
24836192,269826153,7964878347
24836193,7964878347,269825426
24836217,269825429,10702893516
24836218,10702893516,10702893515
24836219,10702893515,10702893517
24836220,10702893517,10702893514
24836221,10702893514,10702893513
24836222,10702893513,10702893518
24836223,10702893518,10702861280
24836224,10702861280,269825431
24836236,269826075,269826153
24836237,269826153,5002054438
24836238,5002054438,10702916853
24836239,10702916853,1385809418
24836244,2434287905,3772750978
24836245,3772750978,269827027
24836246,269827027,269827028
24836247,269827039,269827194
24836248,269827194,8341023911
24836249,8341023911,3772750977
24836250,3993977495,4213178137
24836251,4213178137,269827671
24836282,30341011,269830435
24836283,269830435,269831981
24836284,269831981,269832329
24836285,269832329,269834095
24836286,269834095,269834116
24836287,269834116,269834113
24836288,269834113,1983085873
24836289,1983085873,8621575166
24836290,8621575166,269831117
24836291,269831117,5119625323
24836292,5119625323,5119624017
24836293,5119624017,5161674755
24836294,5161674755,269820951
24836297,2434287912,30385198
24836298,30385198,3658366536
24836299,3658366536,8254450628
24836300,8254450628,269831119
24836301,269831119,269831118
24836302,269831118,8347627793
24836303,8347627793,269831117
24836304,269831117,7964878351
24836305,7964878351,269831116
24836306,269831116,4789068294
24836307,4789068294,3772750753
24836301,268497077,268500468
24836302,269831981,7964878355
24836303,7964878355,269831982
24836304,269831982,269833430
24836305,269833430,269832795
24836306,269832795,269833704
24836307,269833704,269832529
24836308,269832529,2131758283
24836309,2131758283,269831728
24836316,3751088558,269832528
24836317,269832528,2131758315
24836318,2131758315,269832331
24836323,30594728,10702861293
24836324,10702861293,10702861282
24836325,10702861282,269833246
24836326,269833246,3772750753
24836327,3772750753,269832794
24836328,269832794,6148209281
24836329,6148209281,3751088557
24836330,3751088557,3751088558
24836331,3751088558,269832795
24836327,2549963671,269833193
24836328,269833193,269833117
24836329,269833117,269832946
24836328,269833193,10702861281
24836329,10702861281,269833246
24836333,269833646,269833647
24836487,269834086,269834072
24836488,269834072,269988229
24836489,269988229,6148129476
24836490,6148129476,6148129474
24836491,6148129474,1983085865
24836492,1983085865,2434317343
24836493,2434317343,3772750750
24836494,3772750750,5288054867
24836495,5288054867,269834074
24836496,269834074,270209468
24836497,270209468,8253675079
24836498,8253675079,269834075
24836499,269834075,269834087
24836603,269834087,269957263
24836604,269957263,10757798866
24836605,10757798866,30341009
24836611,269834091,269834092
24836616,269834113,269834114
24846907,269956905,270104474
24846908,270104474,269956906
24846909,269956906,270103555
24846910,270103555,269998806
24846911,269998806,269997920
24846912,269997920,269997636
24846913,269997636,269997730
24846914,269997730,269988227
24846915,269988227,270209464
24846916,270209464,270209446
24846917,270209446,269956907
24846918,269956907,2434317337
24846919,2434317337,2434312640
24846920,2434312640,269956908
24846921,269956908,269956909
24846922,269956909,269956910
24846923,269956910,269956911
24846924,269956911,30341011
24846945,10155769346,269957205
24846970,269965092,269957192
24847004,268615863,269957299
24847005,269957299,269957298
24847028,269987047,3772750969
24847029,3772750969,3714135693
24847030,3714135693,268615862
24847031,268615862,3772750754
24847032,3772750754,269956911
24847033,269956911,269957015
24847033,269957302,269957301
24847034,269957301,8251381580
24847035,8251381580,2131734710
24847036,2131734710,269957300
24847037,269957300,6136068070
24847038,6136068070,269958111
24847039,269958111,269958017
24847040,269958017,268615863
24847091,269957299,269957805
24847109,269958002,269957952
24847120,269958102,269958017
24847126,269958111,269958183
24847134,269958260,269958263
24847206,269957302,3772750739
24847207,3772750739,6136068075
24847208,6136068075,3772750734
24847220,269959010,6215294929
24847221,6215294929,6136068079
24847222,6136068079,269959205
24847247,274181270,269960495
24847248,269960495,269960878
24847249,269960878,4523950644
24847250,4523950644,269960877
24847251,269960877,856460898
24847252,856460898,856460889
24847382,269960576,4523950620
24847383,4523950620,8079161227
24847384,8079161227,269960577
24847385,269960577,8079161228
24847390,268508494,268863172
24847391,268863172,268863152
24847392,268863152,4523950632
24847393,4523950632,8233452477
24847394,8233452477,8233452478
24847395,8233452478,268615852
24847396,268615852,268862792
24847397,268862792,268862789
24847398,268862789,268863176
24847399,268863176,268862785
24847400,268862785,30341002
24847396,269963109,5156603266
24847397,5156603266,3772750720
24847398,3772750720,269961130
24847606,274180161,2353188083
24847607,2353188083,269963310
24847608,269963310,4523950672
24847609,4523950672,269963309
24847610,269963309,269963308
24847611,269963308,2353188085
24847612,2353188085,269963307
24847613,269963307,1409559492
24847614,1409559492,4523950641
24847645,8237007494,269963560
24847791,269965029,269965092
24847792,269965092,269965031
24847834,269965177,269965352
24849973,269987044,5868956647
24849974,5868956647,4476087980
24849975,4476087980,5868956642
24849976,5868956642,269987045
24849974,269987044,269987048
24849975,269987048,268620937
24849976,268620937,270209315
24849977,270209315,269987047
24849978,269987047,269987046
24849979,269987046,270209015
24850149,8398305978,270209145
24850150,270209145,30956872
24850151,30956872,31168286
24850152,31168286,269988896
24850153,269988896,269988897
24850154,269988897,269988898
24850155,269988898,268636314
24850156,268636314,4476087981
24850157,4476087981,4687361076
24850158,4687361076,269990904
24850172,269989270,269989269
24850173,269989269,269989268
24850174,269989268,8256909548
24850175,8256909548,269989267
24850176,269989267,8251334303
24850177,8251334303,269989266
24850178,269989266,30341019
24850201,268615860,8251334301
24850202,8251334301,30956873
24850203,30956873,270115023
24850204,270115023,8254371922
24850205,8254371922,8718850337
24850203,269989628,269989631
24850204,269989631,269991031
24850205,269991031,8796680910
24850206,8796680910,269989630
24850247,269989981,269989983
24850248,269989983,269988225
24850270,269990659,269997271
24850271,269997271,269990660
24850272,269990660,269991029
24850273,269991029,269990542
24850282,269990664,269991030
24850283,269991030,269990823
24850284,269990823,269997270
24850285,269997270,269997632
24850286,269997632,269990824
24850287,269990824,269996691
24850288,269996691,269997945
24850289,269997945,8269804084
24850566,269994072,3383901549
24850567,3383901549,269997736
24850568,269997736,269997637
24850569,269997637,269997912
24850896,269997729,269997730
24850897,269997730,269997731
24850898,269997731,269834072
24850899,269834072,269964740
24850900,269964740,269997703
24850901,269997703,7966732147
24858131,269986908,6146444854
24858132,6146444854,3758772700
24858133,3758772700,1382828461
24858134,1382828461,1382838437
24858146,270105800,8512180610
24858147,8512180610,8512180606
24858148,8512180606,10594589082
24858149,10594589082,270105885
24858150,270105885,8744218337
24858151,8744218337,270105857
24858152,270105857,4521825353
24858153,4521825353,7894095689
24858154,7894095689,8512180607
24858155,8512180607,270105801
24858153,5161033099,5883140848
24858154,5883140848,270105886
24858155,270105886,270105887
24858156,270105887,270109028
24858157,270109028,8340806289
24858158,8340806289,270109036
24858159,270109036,270109146
24858160,270109146,270109148
24858161,270109148,270105888
24858164,30594779,6428606322
24858165,6428606322,268447510
24858166,268447510,2131738823
24858167,2131738823,8337735222
24858168,8337735222,269820329
24858169,269820329,9723597384
24858170,9723597384,9723597397
24858171,9723597397,269820952
24858172,269820952,8337735230
24858173,8337735230,7964878346
24858174,7964878346,269826075
24858175,269826075,30594785
24858312,270105801,5883140842
24858313,5883140842,1420541297
24858314,1420541297,2131738812
24858315,2131738812,270107594
24858435,270105806,5883140854
24858436,5883140854,270108936
24858437,270108936,270108958
24858438,270108958,6859659384
24858439,6859659384,1382788739
24858442,6182120224,5832603073
24858443,5832603073,7906881547
24858443,270108949,270109294
24858444,270109294,270108959
24858445,270108959,270109029
24858446,270109029,270108958
24858447,270108958,7906893021
24858448,7906893021,4521825359
24858449,4521825359,270108957
24858451,270109029,270109030
24858452,270109030,270109028
24858453,270109036,270109037
24858500,270109285,10036810541
24858501,10036810541,270110276
24858502,270110276,270110222
24858503,270110222,270110292
24858504,270110292,270110036
24858505,270110036,6146444858
24858506,6146444858,270110512
24858507,270110512,270113669
24858508,270113669,3308912977
24858509,3308912977,270114204
24858510,270114204,270109288
24858511,270109288,270209821
24858512,270209821,5500839799
24858513,5500839799,270210330
24858514,270210330,270210485
24858515,270210485,270210846
24858516,270210846,270211069
24858517,270211069,270113613
24858518,270113613,270109289
24858519,270109289,270211467
24858520,270211467,270211426
24858521,270211426,1383544132
24858522,1383544132,270109290
24858503,270109148,270109293
24858504,270109293,270109294
24858505,270109294,6859659382
24858506,6859659382,1382788786
24858530,270109359,270109371
24858615,3416445322,270106770
24858616,270106770,7960826717
24858617,7960826717,270110352
24858618,270110352,8337599278
24858619,8337599278,6361012564
24858620,6361012564,270110036
24858621,270110036,270110778
24858622,270110778,270110037
24858649,270108886,270110222
24858650,270110222,270110572
24858651,270110572,270110223
24858657,270110275,6859684785
24858658,6859684785,270110276
24858667,270110352,270110572
24859025,8000764692,3583525268
24859026,3583525268,270113914
24859027,270113914,270211429
24859028,270211429,270211211
24859029,270211211,3779578714
24859030,3779578714,3779578715
24859031,3779578715,3779583652
24859032,3779583652,3779583651
24859033,3779583651,270211067
24859034,270211067,270210848
24859035,270210848,270210487
24859036,270210487,270210332
24859037,270210332,270209823
24859038,270209823,8251035515
24859039,8251035515,9723597383
24859040,9723597383,7955934522
24859041,7955934522,270113915
24859042,270113915,270114206
24859043,270114206,270113916
24859044,270113916,270113671
24859045,270113671,3309034776
24859046,3309034776,8337599267
24859047,8337599267,270113920
24859048,270113920,270114645
24859070,270114254,8000978328
24859071,270114443,8521992072
24859072,8521992072,270114444
24859073,270114645,270113699
24859087,270110035,5886011107
24859088,5886011107,270110513
24859089,270110513,3309036847
24859090,3309036847,270114810
24859091,270114810,270114750
24859092,270114750,270114801
24859093,270114801,2271092843
24859094,2271092843,270209825
24859095,270209825,270210334
24859096,270210334,270114752
24859094,4751418018,5886004321
24859095,5886004321,10029799439
24859096,10029799439,30956996
24859097,30956996,270114843
24859098,270114843,270114816
24859099,270114816,270114803
24859095,6426919645,270114817
24859096,270114817,270114841
24859097,270114841,270114806
24859098,270114806,10029799440
24859099,10029799440,5886004322
24859100,5886004322,4751418017
24859096,2266648113,5886004326
24859097,5886004326,10029799446
24859098,10029799446,7876033899
24859099,7876033899,270114812
24859100,270114812,8512308759
24859101,8512308759,8512308758
24859102,8512308758,4751434040
24859103,4751434040,10029746686
24859104,10029746686,10591136827
24859105,10591136827,30341021
24859099,270114843,270114841
24859100,270114841,270114946
24859101,270114946,270114954
24859102,270114954,270114934
24859103,270114934,270114944
24859104,270114944,8254592583
24859105,8254592583,30341019
24859106,7876033899,5119239062
24859107,5119239062,270114909
24859110,270114933,270114934
24859111,270114934,270114935
24859122,270114954,270114955
24866609,270208354,270208405
24866611,270208532,270208533
24866622,270208621,270208669
24866661,270209443,270209444
24866685,270209468,270209474
24936256,270978628,8078637712
24936257,8078637712,8082047845
24936258,8082047845,1420660816
24936259,1420660816,8082047844
24936260,8082047844,1420660814
24936261,1420660814,8082047846
24936262,8082047846,270978629
24936263,270978629,1420660809
24936264,1420660809,8079118964
24936257,270978609,270978628
24936264,268500003,1409559438
24936265,1409559438,4523950679
24936266,4523950679,1409559491
24936267,1409559491,274180301
24936474,269988105,269963902
24936475,269963902,9344974620
24936476,9344974620,270980974
24936477,270980974,8254826627
24936478,8254826627,8253675070
24936479,8253675070,270982285
24936480,270982285,8253675082
24936481,8253675082,270980975
24936482,270980975,270980948
24936503,270981180,5008602393
24936504,5008602393,270982064
24936505,270982064,270983037
24936506,270983037,6136068081
24936507,6136068081,269963900
25154268,2353188072,8551065163
25154269,8551065163,2353188076
25154270,2353188076,10707602192
25154271,10707602192,856460901
25154272,856460901,2353188082
25154273,2353188082,8551065161
25154274,8551065161,274179881
25154275,274179881,8551065162
25154276,8551065162,8551065160
25154277,8551065160,274180160
25154278,274180160,274179880
25154279,274179880,5117221240
25154280,5117221240,274179879
25154281,274179879,274179798
25154270,274180102,274186201
25154271,274186201,274180157
25154272,274180157,5008602866
25154273,5008602866,4539200970
25154274,4539200970,4539200971
25154275,4539200971,4539200972
25154276,4539200972,274180158
25154277,274180158,274180159
25154279,274180612,274181267
25154280,274181267,274181268
25154281,274181268,8236919099
25154282,8236919099,8236919102
25154283,8236919102,6136068074
25154284,6136068074,274181269
25154285,274181269,274186180
25154286,274186180,274180159
25154435,268512385,8079161231
25154436,8079161231,8551065166
25154437,8551065166,4523950600
25154438,4523950600,268512386
25154437,274184250,8075882163
25154438,8075882163,8551065165
25154439,8551065165,4523950598
25154439,8079385908,8551065167
25154440,8551065167,4539201294
25154441,4539201294,2353159025
25154442,2353159025,8079308106
25154443,8079308106,30339493
25154440,5008602822,8239969088
25154441,8239969088,274186172
25154442,274186172,5902621613
25154443,5902621613,8236919081
25154444,8236919081,2353159031
25154445,2353159031,274184274
25154518,274185917,274186177
25154519,274186177,274186176
25154520,274186176,274185996
25154526,274186201,8098095344
25154527,8098095344,8098095343
25154528,8098095343,274186294
25154529,274186294,8098095342
25154530,8098095342,8098095341
25154531,8098095341,274186295
25154532,274186295,274186296
25154530,5008602875,274186479
25154589,268512386,268623459
25154590,268623459,268865288
25154591,268865288,268865286
25154592,268865286,4523950604
25154593,4523950604,4275860608
25154594,4275860608,4275860610
25154595,4275860610,268615851
25154596,268615851,268512387
25154597,268512387,8398148945
25154598,8398148945,30341000
25154590,274184157,274184158
25206952,1446021091,4523950675
25206953,4523950675,8082348370
25206954,8082348370,1446021090
25206955,1446021090,1446021089
70650610,269963560,8079118968
70650611,8079118968,4523950643
70650612,4523950643,8609896031
70650613,8609896031,2353159030
70650614,2353159030,8237007487
70650615,8237007487,10707602196
70650616,10707602196,269960578
72039969,269961130,8079118966
72039970,8079118966,269961133
72039971,269961133,269961134
72039972,269961134,269961136
72039973,269961136,1409559434
72039974,1409559434,1409559495
72039975,1409559495,1409559436
72039976,1409559436,1409559460
72039977,1409559460,1409559493
72039978,1409559493,1409559469
72039979,1409559469,1409559441
72039971,856460889,269959439
72039972,269959439,1409559524
72039973,1409559524,5008602905
72039974,5008602905,1409559430
72039975,1409559430,269959440
72039976,269959440,856460894
72039977,856460894,269959441
72039978,269959441,1409559441
79431129,927324368,3772750973
79431130,3772750973,4751408729
81542816,950568590,950568591
123885361,269964738,3772750748
123885362,3772750748,2434317348
123885363,2434317348,269964739
123885364,269964739,269988230
123885365,269988230,269964740
123885366,269964740,269997634
123885367,269997634,5891410077
123885368,5891410077,269964732
124048430,268447507,8512195821
124048431,8512195821,1420541294
124048432,1420541294,269820143
124049467,1381629288,2131738701
124049468,2131738701,1381629290
124049469,1381629290,8337972063
124049470,8337972063,5883140844
124049471,5883140844,270105802
124181617,2267465353,8744216711
124181618,8744216711,4751408730
124181619,4751408730,2267465342
124181620,2267465342,9389623659
124181621,9389623659,5866967866
124181622,5866967866,8254499019
124181623,8254499019,1382838441
124496633,270107594,6428606750
124496634,6428606750,270107619
124506584,270105958,2131738736
124506585,2131738736,1385784716
124506586,1385784716,7876317338
124506587,7876317338,1385784711
124506588,1385784711,7876317339
124506589,7876317339,1385784713
124506590,1385784713,270109359
124506591,270109359,9191782918
124506592,9191782918,270105888
124506586,1385784722,6957010141
124509623,269820143,8744235453
124509624,8744235453,268447510
124509625,268447510,1385784722
124509634,1385794396,1385794415
124509635,1385794415,6957010139
124509636,6957010139,1385794412
124514599,268509352,8586954475
124514600,8586954475,8586954474
124514601,8586954474,8586954476
124514602,8586954476,1385809397
124514603,1385809397,8586954477
124514604,8586954477,7873370161
128594661,1420660822,1420660820
128594662,1420660820,1420660821
128594663,1420660821,1409559465
128594663,269959442,1420660824
128594664,1420660824,4523950694
128594665,4523950694,1420660825
128594666,1420660825,4523950687
128594667,4523950687,1420660822
128594664,1420660815,1420660817
128594665,1420660817,1420660819
128594666,1420660819,1420660823
128594665,1420660829,8078510899
128594666,8078510899,1420660826
128594667,1420660826,1420660823
128594666,1420660834,1420660835
128594667,1420660835,8539601329
128594668,8539601329,1420660832
128594669,1420660832,1420660828
128594670,1420660828,1420660830
128594671,1420660830,1420660831
128594672,1420660831,268508490
130848187,1869956235,6859659383
130848188,6859659383,270108959
130848189,270108959,270109145
130848190,270109145,270109146
130848192,3308893234,3308912976
130848193,3308912976,8246902471
130848194,8246902471,270110657
130848195,270110657,270110511
130848196,270110511,8246753521
130848197,8246753521,270110037
130848198,270110037,8347656226
130848199,8347656226,8347656234
130848200,8347656234,270108886
130848201,270108886,10036744292
130848202,10036744292,270108889
131387436,268860778,8704838482
131387437,8704838482,268860775
144114924,269989354,269989270
158032457,269988226,269997733
158032458,269997733,269997640
158032459,269997640,269997915
158032460,269997915,269996695
158032461,269996695,269998468
158032462,269998468,269987714
176444016,5546724815,269995398
176444017,269995398,269995704
176444018,269995704,269995954
176444019,269995954,269995188
176444020,269995188,269989983
176444021,269989983,269991029
176444022,269991029,269991030
176444023,269991030,269991031
176444024,269991031,269989354
176444025,269989354,8251050482
176444026,8251050482,269990904
176477845,1382788773,6180221200
176477846,6180221200,5288014961
176477847,5288014961,7906881548
176477848,7906881548,7906881546
176477849,7906881546,1382788744
176477846,1382788739,1869956235
187679421,2180585469,8398275895
187679422,8398275895,2265959610
187679423,2265959610,2812606360
187679424,2812606360,4045324791
187679425,4045324791,3772750970
187679426,3772750970,3772750969
187679427,3772750969,3772750965
187679428,3772750965,3772750964
217324796,2265973054,8539601330
217324797,8539601330,2265973053
217324798,2265973053,8539601332
217324799,8539601332,8539601331
217324800,8539601331,2265973055
217481079,2267465356,2267465342
217581829,269988231,269957132
217581830,269957132,2434317361
217581831,2434317361,2434317326
217581832,2434317326,269957117
217581833,269957117,269957116
220844296,270114648,8254371927
220844297,8254371927,5886011117
220844298,5886011117,270114649
220844298,269834095,7964878353
220844299,7964878353,269834112
226522645,4523950641,8082111390
226522646,8082111390,268862317
226525530,1409559441,269959442
226525531,269959442,1409559462
226525532,1409559462,2353188080
226525533,2353188080,1409559467
226525534,1409559467,268508491
226529202,268614219,7888515813
226529203,7888515813,274191159
226529204,274191159,8230513771
226529205,8230513771,8230513777
226529206,8230513777,274182518
226529207,274182518,8079314719
226529208,8079314719,274182983
226529209,274182983,8079266049
226529210,8079266049,30339496
226529211,30339496,274188765
226529212,274188765,268484604
226529213,268484604,274188632
226529214,274188632,2353265989
226529215,2353265989,2353155544
226529216,2353155544,268484988
226529217,268484988,844359662
226529218,844359662,5482993939
226529219,5482993939,30339495
226529220,30339495,274187776
226529221,274187776,2353155529
226529222,2353155529,274187706
226529223,274187706,8079308116
226529224,8079308116,2353155532
226529225,2353155532,2312096224
226529226,2312096224,10247583867
226529227,10247583867,2312096234
226529228,2312096234,2353155530
226529229,2353155530,8237007500
226529230,8237007500,8237007497
226529231,8237007497,274187628
226529232,274187628,2353155537
226529233,2353155537,274187453
226529234,274187453,2353155539
226529235,2353155539,8079308110
226529236,8079308110,2353155541
226529237,2353155541,274186755
226529238,274186755,274184274
226529239,274184274,30339493
226529240,30339493,2353155528
226529241,2353155528,2353159027
226529242,2353159027,274185917
235361237,1385784722,5288050187
235361238,5288050187,2434287904
235361239,2434287904,2434287905
235361240,2434287905,2434287908
271869796,268509735,3989252464
271869797,3989252464,268510357
293937294,8551810252,8551810253
293937295,8551810253,8076035096
293937296,8076035096,1420660841
293937297,1420660841,8078863118
298583228,274180159,6136068083
298583229,6136068083,274180160
298583230,274180160,8254862826
298583231,8254862826,274180161
302116342,30594694,270105709
302116343,1382834991,6428606327
302116344,6428606327,30594694
302116345,30594694,5288011770
302116346,5288011770,8512366616
302116347,8512366616,8512366615
302116348,8512366615,10029783812
302116349,10029783812,2266648210
302116347,2266648195,10029799456
302116348,10029799456,8512371632
302116349,8512371632,8512371633
302116350,8512371633,8512371634
302116351,8512371634,2266648209
302116352,2266648209,8512371635
302116353,8512371635,10029799432
302116354,10029799432,2266648126
312086247,274186177,5220192496
312086248,5220192496,5118469102
312086249,5118469102,274186296
312086250,274186296,5008602874
312086251,5008602874,5008602875
312086252,5008602875,5008602865
312086253,5008602865,8551065159
312086254,8551065159,274186180
352403336,30341007,2131758299
352403337,2131758299,7228680370
352403338,7228680370,269957104
352403339,269957104,4480705451
352403340,4480705451,269832531
352403341,269832531,10582818895
352403340,268514486,8227299310
352403341,8227299310,8642362700
352403342,8642362700,8231138672
352403343,8231138672,10288194508
352403344,10288194508,268502970
352403345,268502970,268487335
352403346,268487335,1446021091
352403341,268513827,2131758327
352403342,2131758327,4523950730
354652706,3603314960,3772750756
359438447,5288048141,6428606323
359438448,6428606323,1385784722
359438448,1382788736,1382834991
359438449,1382834991,5288011769
359438450,5288011769,5288026487
359438451,5288026487,10029783810
359438452,10029783810,2266648119
361358029,6133345213,269834088
361358030,30341013,269830124
361358031,269830124,269832327
361358032,269832327,6399140435
361358033,6399140435,6133345213
361358034,6133345213,5557261733
361358035,5557261733,5557261732
361358036,5557261732,269831439
361358037,269831439,269831119
361358038,269831119,927324368
361358039,927324368,269829869
387049360,268622485,269958183
387049361,269958183,269958102
387049362,269958102,268615858
387049363,268615858,269957805
387049364,269957805,8230969948
387049365,8230969948,268509741
387049366,268509741,8078707604
391847329,268500468,8390670386
421567701,269986908,6146461670
421567702,6146461670,7966610560
425206430,269997734,8676945993
425206431,8676945993,8511612229
425206432,8511612229,269987745
425206433,269987745,6111905350
425206434,6111905350,4596641188
425206435,4596641188,2286069615
428493890,4275860607,4275860608
428493891,4275860609,4275860610
432043003,4312134571,5065079149
432043004,5065079149,8508690236
432043005,8508690236,269987044
432043007,4312134548,8508638911
432043008,8508638911,8515327459
432043009,8515327459,4312134559
432043010,4312134559,8508690237
432043011,8508690237,9964652857
432043012,9964652857,2267303389
432043013,2267303389,4312134568
432043014,4312134568,4312134569
432043015,4312134569,2267303334
432043016,2267303334,4312134571
432046500,5065079151,5065079170
432046501,5065079170,4312168553
432046502,4312168553,5065079153
432046503,5065079153,4364089072
432046504,4364089072,5065079154
432046505,5065079154,8515368232
432046506,8515368232,5065079155
432046507,5065079155,8508690238
432046508,8508690238,5065079156
432046509,5065079156,4312134548
432046510,4312134548,9964652822
432046511,9964652822,8508638912
432046512,8508638912,8508638913
432046513,8508638913,7988408954
432046514,7988408954,5065079165
432046515,5065079165,5065075412
432046516,5065075412,5065075411
437627508,4312134532,4312134519
437627509,4312134519,30594539
438721545,30594539,268639104
438721546,268639104,269956909
438721547,269956909,269957017
438721548,269957017,269834074
438721549,269834074,269964737
438721550,269964737,8586141363
438721551,8586141363,8251316604
438721552,8251316604,269957116
438721553,269957116,2131758317
438721554,2131758317,268639105
438721555,268639105,268639106
438721556,268639106,269957301
438721557,269957301,2434311937
451242915,269957262,269965352
451242916,269965352,269957263
451242917,269957263,269964306
451242918,269964306,269957192
451242917,269957205,8345420115
451242918,8345420115,269965031
451242919,269965031,269957114
451242920,269957114,269957115
456118072,8231142770,8389303914
456118073,8389303914,3772750740
456118074,3772750740,268497077
456118073,4523950618,4523950616
456118079,4523950646,4523950650
456118080,4523950650,4523950651
456118081,4523950651,4523950654
456118088,268487336,4523950748
456118089,4523950748,4523950751
456118090,4523950751,4523950755
456118091,4523950755,4523950757
456118092,4523950757,4523950761
456118093,4523950761,4523950764
456118094,4523950764,4523950767
456118095,4523950767,2461446832
456118090,4523950604,4523950599
456118095,4523950591,4523950594
456118096,4523950594,4523950598
456118097,274184155,5008602822
456118098,5008602822,4523950591
456118103,274184396,274184398
456118104,274184398,274184453
456118131,4523950624,4523950625
456118132,4523950625,4523950626
456118133,4523950626,8067023715
456118134,8067023715,4523950627
456118135,4523950627,4523950628
456118136,4523950628,8067023714
456118137,8067023714,4523950630
457847968,269987044,268636314
457847969,8079385908,274186174
457847970,274186174,8098095345
457847971,8098095345,8098095346
457847972,8098095346,8551255560
457847973,8551255560,8098095348
457847974,8098095348,8098095347
457847975,8098095347,274186175
457847976,274186175,8551255559
457847977,8551255559,274186176
482298953,4751434040,270114896
485966311,274186479,6136068077
485966312,6136068077,274186480
516714775,269990904,269988899
516714776,269988899,8836474717
516714777,8836474717,8836458414
516714778,8836458414,269988894
517139709,270113699,270114648
517139710,270114648,6146444856
517139711,6146444856,270113700
517139712,270113700,5117968091
517139713,5117968091,270114790
517139714,270114790,3309036849
517139715,3309036849,6361012566
517139716,6361012566,270114809
517139717,270114809,270115014
517139718,270115014,9723597393
517139719,9723597393,270114800
517139720,270114800,7955934521
517139721,7955934521,2271092818
517139722,2271092818,270209824
517139723,270209824,270210333
517139724,270210333,270210488
517139725,270210488,270212704
517139726,270212704,270210849
517139727,270210849,270211066
517139728,270211066,270211703
517139729,270211703,270211212
517139730,270211212,6145983453
517139731,6145983453,270115017
517139732,270115017,8000764691
518424334,269832168,2434287919
518424335,2434287919,269832327
518424556,269832328,269832329
518424557,269832329,7964878354
518424558,7964878354,269832330
519437791,30594539,8515368238
519437792,8515368238,4364089067
519437793,4364089067,7196387360
519437794,7196387360,4539201289
519437795,4539201289,8256677652
532386051,270105958,270105994
547294848,3772750979,5288048139
547294849,5288048139,5288048140
547294850,5288048140,7876317354
547294851,7876317354,7876317353
547294852,7876317353,5288048141
569112561,1936301240,8337599273
569112562,8337599273,3309034775
569112563,3309034775,3309033887
569112564,3309033887,2287858327
569112565,2287858327,2287858328
569114944,1382788722,8011190129
569114945,8011190129,5288019701
569114946,5288019701,3289788672
569114947,3289788672,8512366613
569114948,8512366613,8512366611
569114949,8512366611,8512366612
569114950,8512366612,1385794396
569114945,1440065542,1382788722
569114951,1440065542,30594694
569114952,1382788736,6428606328
569114953,6428606328,1440065542
569114953,1382788722,8011190130
569114954,8011190130,7876317357
569114955,7876317357,1382788773
569114954,1382788773,5288014964
569114955,5288014964,6182120224
569114956,6182120224,6182120225
569114957,6182120225,6957010148
569114955,270105709,1382788722
569114956,5886011121,5288013900
569114957,5288013900,270113798
569114958,270113798,270114254
569114959,270114254,270114443
569114960,270114443,9512342677
569114961,9512342677,2293882718
569114962,2293882718,3416445321
569114963,3416445321,270105956
569114957,1382838437,8011321006
569114958,8011321006,3758772698
569114959,3758772698,1382838440
569114960,1382838440,6426919642
569114961,6426919642,8011321003
569114962,8011321003,1382838441
569114963,1382838441,5288025663
569114964,5288025663,6180198340
569114965,6180198340,1382788736
569114960,270107619,1385760545
569114962,1385760545,8512195823
569114963,8512195823,8512199346
569114964,8512199346,30594779
569114965,30594779,5288048141
569114963,1385760545,6428606321
569114964,6428606321,269820143
569114965,1381629288,7897414723
569114966,7897414723,270107594
569384308,3396214529,1975843110
569384309,1975843110,10174922836
569384310,10174922836,1975843109
569384311,1975843109,4523950649
569384312,4523950649,8231138669
569384313,8231138669,10288227309
569384314,10288227309,268503018
569384315,3396214528,268862631
569384322,3396214525,10266286548
569384323,10266286548,268514123
569384324,268514123,10174922829
569384325,10174922829,268514489
569384326,268514489,8231138676
569384327,8231138676,10288227313
569384328,10288227313,30594834
569384329,30594834,268511737
569384330,268511737,1446021086
569404303,4523950642,1446021090
569404305,1446021090,856460902
569404306,4523950630,8213514613
569404307,8213514613,8213514609
569404308,8213514609,268503017
569404309,268503017,268503018
569404310,268503018,10288227310
569404311,10288227310,8231138670
569404312,8231138670,4523950661
569404313,4523950661,8227345231
569404314,8227345231,268514487
569404315,268514487,10174922825
569404316,10174922825,8067023713
569404317,8067023713,268514125
569404318,268514125,8076030555
569404319,8076030555,8076030556
569404320,8076030556,268510533
569404308,1446021088,268488563
569404310,268488563,1446021089
569404312,268488563,8066957479
569404313,8066957479,5838396929
569404314,5838396929,856460891
569404315,856460891,8398178874
569404316,8398178874,30341001
569404590,268511994,1446021087
569404592,1446021087,268511995
569404593,268511995,8213741456
569404594,8213741456,8213741461
569404595,8213741461,268511996
569404596,268511996,10288227312
569404597,10288227312,8231138677
569404598,8231138677,268514488
569404599,268514488,10174922828
569404600,10174922828,268514124
569404601,268514124,3396214526
569404593,1446021086,268511738
569404596,268511738,268822712
569404597,268822712,268499365
569404598,268499365,30340998
611387518,5788585054,10702861273
611387519,10702861273,268509352
616593861,270108935,4521825357
616593862,4521825357,270108936
616593863,270108936,270109030
616593864,270109030,270109037
616593865,270109037,270109145
616593866,270109145,270109293
616593867,270109293,270109371
616593868,270109371,270105957
616812013,269820848,269820985
616812014,269820985,269821267
616812015,269821267,269820932
616812016,269820932,269820933
616812017,269820933,8512180614
616812018,8512180614,8512180613
616812019,8512180613,268449487
616812020,268449487,8227345227
616812021,8227345227,5830989440
616812022,5830989440,2266653693
616812015,2266653693,8534238748
616812016,8534238748,8534238747
616812017,8534238747,269820842
616812016,269820961,269820848
616812017,269820848,269820986
616812018,269820986,6148385717
616812019,6148385717,268449689
616812020,268449689,269819947
616812021,269819947,9723597379
616812022,9723597379,268449690
616812023,268449690,268449691
616812017,30594786,9723597386
616812018,9723597386,268449690
616812019,268449690,30594788
616812020,30594788,269821579
616812021,269821579,30594790
616812022,30594790,269821936
616812023,269821936,269822044
616812024,269822044,269821701
616812018,30594785,269820814
616812019,269820814,8534238770
616812020,8534238770,7873571343
616812021,7873571343,8534238771
616812022,8534238771,30594786
616812019,269826154,10702916848
616812020,10702916848,8666667855
616812021,8666667855,269831116
616812022,269831116,269831442
616812023,269831442,269834112
616812024,269834112,5841903483
616812025,5841903483,269832330
616812026,269832330,269831982
616812027,269831982,269826155
616812028,269826155,5002054434
616812029,5002054434,30341010
616812020,5076454330,10156001526
616812021,10156001526,10156001520
616812022,10156001520,10156001517
616812023,10156001517,10155974415
616812024,10155974415,10702916856
616812025,10702916856,269825424
616812026,269825424,10702916854
616812027,10702916854,269825261
616812028,269825261,269822462
616812029,269822462,269821579
616812021,2266653693,8534238746
616812022,8534238746,8534238745
616812023,8534238745,2266653687
616812024,2266653687,8534238765
616812025,8534238765,8534238764
616812026,8534238764,269820814
616812027,269820814,8534238763
616812028,8534238763,8534238767
616812029,8534238767,2266653689
616812030,2266653689,8534238766
616812031,8534238766,269825078
616812032,269825078,10176146802
616812033,10176146802,269822665
616812034,269822665,10702893508
616812035,10702893508,7873521995
616812036,7873521995,10702893507
616813097,269826674,5161674754
616813098,5161674754,6148209261
616813099,6148209261,6148209262
616813100,6148209262,269831118
616813101,269831118,269831440
616813102,269831440,269834091
616813103,269834091,269834088
616813104,269834088,269832328
616813105,269832328,269826675
616813106,269826675,30341012
616813098,3772750977,269827195
616813099,269827195,269827671
616813100,269827671,5832154085
616813101,5832154085,5832153984
616921713,2434287908,269827195
616921714,269827195,3772750976
616921715,3772750976,5832116065
616921716,5832116065,5832103143
616921717,5832103143,4751408729
616921718,4751408729,2267465353
616921719,2267465353,2434287912
616921720,2434287912,5240475471
616921721,5240475471,3658441638
616921722,3658441638,269831192
616921723,269831192,5240475470
616921724,5240475470,2434287914
616921725,2434287914,5240475464
616921726,5240475464,5240475465
616921727,5240475465,5240475466
616921728,5240475466,269834089
616921729,269834089,5240475467
616921730,5240475467,269832168
616921731,269832168,5240475468
616921732,5240475468,5240475469
616921733,5240475469,1382828428
616921734,1382828428,1382828419
616921735,1382828419,268511171
616921736,268511171,8398190840
616921737,8398190840,2434287917
616921714,3772750976,3772750975
616921715,3772750975,6975523296
616921715,269829869,3772750974
616921716,3772750974,5832103143
616921717,3993977495,5832153984
616921718,5832153984,5288019703
616921719,5288019703,8011190125
616921720,8011190125,5842011295
616921721,5842011295,1382788736
616923745,268509352,2131758325
616923746,2131758325,10702861271
616923747,10702861271,6148209273
616923748,6148209273,2549963671
616923749,2549963671,10702861287
616923750,10702861287,30594728
616923751,30594728,10702861299
616923752,10702861299,10702916850
616923753,10702916850,269826154
616923752,10702861285,10702861257
616923753,10702861257,6148209274
616923754,6148209274,5912724332
616923755,5912724332,8230108793
616923756,8230108793,5161559862
616923757,5161559862,10155974412
616927349,1385794396,3772750979
616927350,1385794412,5288019702
616927351,5288019702,8011190127
616927352,8011190127,3416445309
616927353,3416445309,1440065542
616927351,2266648181,10029783814
616927352,10029783814,8621575167
616927353,8621575167,270110035
616927354,270110035,270114649
616927355,270114649,8254450625
616927356,8254450625,5886011116
616927357,5886011116,5288011772
616927358,5288011772,270105708
616927354,2266648126,8512371617
616927355,8512371617,8512371618
616927356,8512371618,6428606744
616927357,6428606744,5288011771
616927355,270105956,10036810543
616927356,10036810543,270109285
616927357,270109285,10036810549
616927358,10036810549,8340782965
616927359,8340782965,270109144
616927360,270109144,10037136277
616927361,10037136277,270108889
616927362,270108889,10036788854
616927363,10036788854,4521825363
616927364,4521825363,270105706
616927356,270114803,5288025662
616927357,5288025662,5886011122
616927358,5886011122,1382834991
616927359,269986908,1382838442
616927360,1382838442,3758772701
616927361,3758772701,3946494464
616927362,3946494464,6426919643
616927361,270209015,269986908
616928402,268447048,9921735310
616928403,9921735310,270107619
616928403,270105994,270105891
616928404,270105891,1381629288
616928405,270105957,5288048507
616928406,5288048507,270105958
616928407,270105958,7876317365
616928408,7876317365,3772750979
616928406,270114444,8521992071
616928407,8521992071,270114445
616934811,1382691441,6979170956
616934812,6979170956,30381433
616934813,30381433,8512195820
616934814,8512195820,8512195819
616934815,8512195819,268437526
616934816,268437526,8512195848
616934817,8512195848,8512195847
616934818,8512195847,5832201339
616934819,5832201339,8512195846
616934820,8512195846,268437527
616934821,268437527,2255952606
616934822,2255952606,30381435
616934823,30381435,9921774929
616934824,9921774929,1385760545
616934817,270105801,5161033100
616934818,5161033100,5161033102
616934819,5161033102,270105802
616934820,270105802,5161033097
616934821,5161033097,5161033096
616934822,5161033096,9941493385
616934823,9941493385,5161033098
616934824,5161033098,270105803
616934825,270105803,5161033099
616934826,5161033099,270105997
616934827,270105997,9941493383
616934828,9941493383,5161034511
616934829,5161034511,270105805
616934830,270105805,5832201341
616934831,5832201341,8512180608
616934832,8512180608,270105806
616934833,270105806,8512180609
616934834,8512180609,270105807
616934835,270105807,270106310
616934836,270106310,8744218336
616934837,8744218336,4521825356
617628986,4523950652,1446103272
617628987,1446103272,30341004
617628988,30341004,10580028851
617628989,10580028851,10582643782
617633724,268860777,268860778
617633725,268860778,268511174
617633726,268511174,856460891
617633727,856460891,268511175
617638498,268499365,8534409912
617638499,8534409912,8534409913
617638500,8534409913,268822711
617638501,268822711,4523950582
617638499,268822710,268822711
617638500,268822711,268822712
617638501,268822712,268822683
617638502,268822683,268822686
617638503,268822686,5838396929
617638504,5838396929,5838396930
617638505,5838396930,268860776
617638500,268822686,8066957480
617638501,1446103275,268862196
617638502,268862196,268862197
617638502,8066970212,268862648
617638503,268862648,30341004
617638503,5838396931,5838396932
617638504,268862197,2434311925
617638505,2434311925,5838396931
617638506,268508494,8075831092
617638507,8075831092,8075891607
617638511,1420660834,1420660833
617638512,1420660833,268500306
617638512,1420660829,268861104
617638513,268861104,268499921
617638515,268615859,269989724
617638516,269989724,270115036
617638517,270115036,268615860
617638518,268615860,269989267
617638519,269989267,269988896
617638517,268623454,6133700799
617638518,6133700799,268839417
617638519,268839417,268842937
617638520,268842937,268839961
617638521,268839961,268842055
617638522,268842055,268840040
617638523,268840040,268842609
617638524,268842609,268840138
617638525,268840138,268840709
617638526,268840709,268840613
617638527,268840613,268840656
617638528,268840656,8075652027
617638529,8075652027,268623455
617638530,268623455,268840697
617638531,268840697,268623456
617638532,268623456,842889560
617638533,842889560,268623457
617638534,268623457,274184813
617638535,274184813,268860321
617638536,268860321,274184617
617638537,274184617,268623458
617638538,268623458,274184396
617638539,274184396,268623459
617638540,268623459,268863406
617638541,268863406,268862315
617638542,268862315,950568591
617638524,268488563,4523950642
617638525,4523950642,268860669
617638526,268860669,8082348371
617638527,8082348371,4523950677
617638528,4523950677,8231142769
617718965,268514491,8397941078
617718966,8397941078,268514490
617718967,268514490,8066763589
617718968,8066763589,8397941079
617718969,8397941079,1975843101
617718970,1975843101,268860324
617718971,268860324,268514489
617718972,268514489,268514488
617718973,268514488,6136121776
617718974,6136121776,268862644
617718975,268862644,1975843109
617718976,1975843109,8227345233
617718977,8227345233,268514487
617718978,268514487,268514486
617718966,1446021091,8231142769
617718967,8231142769,1140221621
617718968,1140221621,8082348368
617718969,8082348368,268862197
617718968,268487335,2131758321
617718969,2131758321,848492634
617718969,8397989229,856460896
617718970,856460896,1975843102
617718971,1975843102,268511737
617718972,268511737,268511995
617718973,268511995,8075258606
617718971,268514125,8067008432
617718972,8067008432,4523950704
617718973,4523950704,4523950709
617718974,4523950709,8067008431
617718975,8067008431,8067008434
617718976,8067008434,4523950712
617718977,4523950712,8067008433
617718978,8067008433,4523950713
617718972,268862631,10174922827
617718973,10174922827,268862644
617718974,268862644,8231138674
617718975,8231138674,10288227311
617718976,10288227311,30594832
617718977,30594832,268487334
617718978,268487334,4523950624
617718979,4523950624,1446021088
617718973,7873371428,5839130713
617718974,5839130713,268514242
617718975,268514242,6148209278
617718976,6148209278,4523950741
617718977,4523950741,1385809389
617718978,1385809389,30594757
617718979,30594757,268487336
617718980,268487336,8389303912
617718974,3396214532,268513827
617718975,268513827,8394801746
617718979,8078863118,5839130708
617718980,5839130708,8078863120
617718981,8078863120,8078863117
617718982,8078863117,5839130709
617718983,5839130709,5839130710
617718984,5839130710,5839130711
617718985,5839130711,5839130712
617718986,5839130712,5839130713
617718982,4523950730,8067008429
617718983,8067008429,4523950726
617718984,4523950726,8067008430
617718985,8067008430,4523950719
617718986,4523950719,8067008428
617718987,8067008428,4523950713
617718993,269833246,8534312987
617718994,8534312987,3774495059
617718995,3774495059,8534312985
617718996,8534312985,4789068294
617718997,4789068294,8345342895
617718998,8345342895,3774495060
617719001,30341009,10757798865
617719002,10757798865,269834077
617719003,269834077,269833704
617831539,269988226,269987745
617831540,269987745,269994297
617831541,269994297,269994072
617831542,269994072,269994178
617831543,269994178,269988227
617831544,269988227,269988228
617831545,269988228,269988229
617831546,269988229,269988230
617831547,269988230,269988231
617831548,269988231,7966732144
617831549,7966732144,7966732146
617831550,7966732146,7966732143
617831551,7966732143,269988105
617887674,274185917,5008602420
617887675,5008602420,5008602821
617887676,5008602821,842889555
617887677,842889555,274180102
617887678,274180102,2353188072
617887679,2353188072,274181270
617887678,269958349,2434317363
617887679,2434317363,3772750744
617887680,3772750744,268633491
617887681,268633491,268639105
617887682,268639105,8212437820
617887683,8212437820,8254862829
617887684,8254862829,268622486
617887685,268622486,8348232924
617887682,268615851,274184395
617887683,274184395,268615846
617887684,268615846,274184616
617887685,274184616,268615848
617887686,268615848,268615845
617887687,268615845,274184958
617887688,274184958,8397961349
617887689,8397961349,8397961351
617887683,30341001,268863211
617887684,268863211,10582643778
617887684,5840582515,8398086439
617887685,8398086439,5840582514
617887687,2434311932,269957300
617887688,269957300,7966845865
617887689,7966845865,268622485
618028608,2461446831,2461446832
618028609,2461446832,4523950772
618028610,4523950772,4523950771
618028611,4523950771,268509734
618028612,268509734,10702861274
618028612,269830751,2461446825
618028613,2461446825,8078739973
618028614,8078739973,8551810251
618028615,8551810251,10702861272
618028616,10702861272,8551810250
618028617,8551810250,268510358
618028618,268510358,5788585054
618028619,269832466,269832527
618028620,269832527,8534314339
618028621,8534314339,8230969934
618028622,8230969934,269832528
618028623,269832528,269832529
618028624,269832529,269832530
618028625,269832530,269832531
618028621,3772750753,269833117
618028622,269833117,2131730776
618028623,2131730776,269830751
618028623,268510357,2131730797
618028624,2131730797,8345342883
618028625,8345342883,269832466
618028626,269832466,269832946
618028627,269832946,269832794
618028628,269832794,10226475615
618028629,10226475615,3774495060
618028630,3774495060,269831442
618028631,269831442,7964878352
618028632,7964878352,8345342906
618028633,8345342906,1983085873
618028634,1983085873,269831440
618028635,269831440,269831439
618028636,269831439,8744216710
618028637,8744216710,2434287913
618028638,2434287913,269831192
618028624,2180585469,8398275894
618028625,8398275894,10582818904
618043848,30341021,10029746680
618043849,10029746680,270115020
618043850,270115020,270115007
618043851,270115007,269989724
618043852,269989724,270208533
618043853,270208533,8256909544
618043854,8256909544,8511534246
618043855,8511534246,268620192
618043856,268620192,270208669
618043857,270208669,270208354
618043858,270208354,269989981
618043852,268622486,2131758313
618043853,2131758313,7966845866
618043854,7966845866,269957115
618043855,269957115,269964736
618043856,269964736,269834075
618043857,269834075,269957016
618043858,269957016,269956910
618043859,269956910,30594812
618043860,30594812,7982089638
618043857,269959205,269963109
618043858,269994176,269956907
618043859,269956907,4511087435
618043860,4511087435,269957065
618043861,269957065,2265973054
618043862,2265973054,1983085865
618043863,1983085865,269964739
618043864,269964739,269957132
618043865,269957132,5288056330
618043866,5288056330,7196387362
618043867,7196387362,269958349
618043859,269958386,9392695024
618043860,9392695024,3772750734
618043861,3772750734,269959205
618045930,30341009,10757798867
618045931,10757798867,269965177
618045932,269965177,269833647
618045933,269833647,10582818897
618053641,269834115,269834116
618053642,269834114,269834115
618098742,269957015,269957262
618098743,269957262,5002054435
618098744,5002054435,30341010
618098749,271023479,8511654559
618098750,8511654559,8272942874
618098751,8272942874,269994322
618098752,269994322,269998516
618098753,269998516,269996684
618098754,269996684,269996681
618098755,269996681,269997913
618098756,269997913,269997638
618098757,269997638,269997735
618098758,269997735,269994297
618098751,2286069615,2286069628
618098752,2286069628,5065079160
618098753,5065079160,5065079156
618098762,269988225,269990660
618098763,269990660,269990823
618098764,269990823,269989631
618098765,269989631,269989265
618098766,269989265,269988899
618098767,269988899,269988226
618106730,270114816,270114817
618106731,270114817,270114955
618106732,270114955,3946493456
618106733,3946493456,270114935
618106734,270114935,5842646035
618106735,5842646035,8251334299
618106736,8251334299,8398305978
618106734,5842646036,7876033900
647464254,270105708,4213178141
647464255,4213178141,8011190132
647464256,8011190132,1382788773
654836788,268862317,2353159033
654836789,2353159033,268863848
654836790,268863848,8079161233
654836791,8079161233,268512385
654836792,268512385,274184250
654836793,274184250,274184453
654836794,274184453,268486610
654836795,268486610,8079161229
654836796,8079161229,2353155545
654836797,2353155545,268860323
654836798,268860323,6136068067
654836790,6136068071,6136068082
654836792,6136068074,6136068071
654836793,6136068071,6136068077
654836794,6136068079,6136068075
654836802,6136068084,8348214216
654836803,8348214216,8348214215
654836804,8348214215,6136068070
656096035,6146444855,6146444856
656303718,6148129479,6148129476
656303719,6148129478,6148129474
656312988,6148209275,8078745536
656312989,8078745536,6148209279
656312991,6148209277,8231268918
656312992,8231268918,6148209280
656333586,3642877293,3772750745
656333587,3772750745,269821701
660019323,5288048141,8521895043
660019324,8521895043,8521895042
660019325,8521895042,1385794412
660019324,3772750979,8744235455
660019325,8744235455,6428606749
660019326,6428606749,7876317331
660019327,7876317331,268447048
660019325,3772750979,30594779
664037885,1420660832,1420660823
664037886,1420660823,268861219
664037887,268861219,8078510898
664037887,2434311937,8251381586
664037888,8251381586,6215293306
664037889,6215293306,1420660832
679945780,274184396,274184395
679945781,274184395,8398148950
679945782,8398148950,30340999
682504898,269957205,269957192
685755040,2266648207,2266648111
685755041,2266648111,2266648117
685755042,2266648117,8512366610
685755043,8512366610,2266648205
685755044,2266648205,2266648109
685755045,2266648109,5832143000
685755046,5832143000,2266648107
685755047,2266648107,9723597389
685755048,9723597389,5832143001
685755049,5832143001,2266648181
685755050,2266648181,6428606734
685755051,6428606734,2266648126
685755043,4751418018,4751418017
685755044,4751418017,4751418016
685755045,4751418016,2266648208
685755046,2266648208,2266648179
685755047,2266648179,8512371643
685755048,8512371643,2266648113
685755049,2266648113,4751434041
685755050,4751434041,5832142998
685755051,5832142998,2266648206
685755052,2266648206,8512371629
685755053,8512371629,5832142999
685755054,5832142999,8192898884
685755055,8192898884,270114836
685755047,270114803,6426919642
685755049,6426919643,9044157573
685755050,9044157573,8011321005
685755051,8011321005,6426919644
685755052,6426919644,6426919645
685755053,6426919645,270114803
686735238,1869956235,10036810547
686735239,10036810547,1382788786
687695197,269957302,268633507
688753795,269964052,270103551
688753796,270103551,269998804
688753797,269998804,269998827
688753798,269998827,269964053
688753799,269964053,7986131952
688753800,7986131952,7966732147
688753801,7966732147,4712005821
688753802,4712005821,7966702831
688753803,7966702831,7966702830
688753804,7966702830,7966702829
688753805,7966702829,7966702832
688753806,7966702832,7966702828
688753807,7966702828,7966702827
688753808,7966702827,7966732141
688753809,7966732141,269964056
688753810,269964056,269988105
688753797,268508486,268508487
688753798,268508487,1409559518
688753799,1409559518,4523950667
688753800,4523950667,4523950673
688967693,268511175,268499365
688967694,268499365,268860327
688967695,268860327,856460888
688967696,856460888,555079029
688967697,555079029,268840668
688967698,268840668,268511176
743234927,1385794412,6957010140
743234928,6957010140,6957010141
743234929,6957010141,7196510399
743234930,7196510399,6957010142
743234931,6957010142,6957010143
743234932,6957010143,6957010144
743234933,6957010144,2434287908
743234928,270105957,6957010145
743234929,6957010145,6957010146
743234930,6957010146,7876317346
743234931,7876317346,7876317345
743234932,7876317345,7876317344
743234933,7876317344,6957010147
743234934,6957010147,1385794403
743234935,1385794403,6957010148
743234936,6957010148,7876317364
743234937,7876317364,1385794396
770937766,3772750756,8256677652
770937767,8256677652,2113341940
787558233,8254862826,8254862824
787558234,8254862824,8254862825
787558235,8254862825,8254862823
787558236,8254862823,8254862822
787558237,8254862822,269963311
787558238,269963311,5008602395
787558239,5008602395,8551065157
787558240,8551065157,1409559490
787558241,1409559490,8551065158
787558242,8551065158,274180301
803409367,269957299,8534455314
803409368,8534455314,269957872
803409369,269957872,8098095349
803409370,8098095349,8098095350
803409371,8098095350,8098095352
803409372,8098095352,8098095351
803409373,8098095351,269957873
803409374,269957873,269957952
803409375,269957952,269957874
830424880,270113798,270114445
830424881,270114445,270114645
843227662,30341021,10029746677
843227663,10029746677,10583196708
845518110,270108949,270105957
845518111,270105956,7906881549
845518112,7906881549,1382788744
845518113,1382788744,270108949
846008893,269957015,269834087
846008894,269834087,269965037
846008895,269965037,269964735
846008896,269964735,269957114
846008897,269957114,8345420113
846008898,8345420113,2131758329
846008899,2131758329,268615856
846008894,269957065,2265973055
846008895,2265973055,6148129478
846008896,6148129478,269988228
846008897,269988228,269997731
846008898,269997731,269997635
846008899,269997635,269997919
846008900,269997919,269957093
846008901,269957093,270103554
846008902,270103554,269957068
846008895,30341013,10582818902
847324971,7906881548,7906881547
847324973,7906881555,1382788744
847761143,1382788757,8011269922
847761144,8011269922,10036788852
847761145,10036788852,10037136273
847761146,10037136273,1382788739
847782542,6957010141,3993977495
847782543,6957010148,270105958
847782544,1382788786,7906881552
847782545,7906881552,270109285
847782545,1382788786,10036810545
847782546,10036810545,7906881555
854016739,30340999,268512387
854129452,274180159,8088598496
854129453,8088598496,856460904
854248811,30956999,7966610559
854248813,7966610560,8398305978
854248814,8398305978,10582826920
854269183,7966732152,8744081202
854269184,8744081202,8744081209
854269185,8744081209,269958386
854269184,7966732138,269958349
854269185,269988105,269964058
854269186,269964058,7966702825
854269187,7966702825,7966702824
854269188,7966702824,7966702826
854269189,7966702826,7966702823
854269190,7966702823,7966702822
854269191,7966702822,269964059
854269192,269964059,7966732138
854269186,269963902,269963901
854269187,269963901,7966732150
854269188,7966732150,7966732149
854269189,7966732149,7966732151
854269190,7966732151,7966732148
854269191,7966732148,269963900
854269192,269963900,7966732152
854269187,269998826,269963908
854269188,269963908,7986131953
854269189,7986131953,9344963206
854269190,9344963206,269963907
854269191,269963907,7966732157
854269192,7966732157,7966732156
854269193,7966732156,7966732159
854269194,7966732159,7966732155
854269195,7966732155,7966732154
854269196,7966732154,7966732158
854269197,7966732158,7966732153
854269198,7966732153,269963902
854280388,7966845867,269956908
854280389,5288054867,269957019
854280390,269957019,7966845867
854280390,7966845868,5288054867
854280391,269964738,7966845868
854280392,7966845869,269964738
854280393,269957117,7966845869
854280394,7966845870,269957117
854280395,268633491,3772750746
854280396,3772750746,7966845870
855599853,3309034509,8337599280
855599854,8337599280,8337599283
855599855,8337599283,270106770
855599856,270106770,270110223
855599857,270110223,270105956
856041977,7982089635,7982089634
856041978,7982089634,268621340
856041979,268621340,7982089633
856041980,7982089633,7982089638
856041978,7982089638,7982089637
856041979,7982089637,7982089639
856041980,7982089639,7982089636
856041981,7982089636,7982089635
856041979,30594539,8744069619
856041980,8744069619,268622218
856041981,268622218,7982089639
856041980,7982089635,268621341
856041981,268621341,3772750964
856041982,3772750964,268620937
856092866,1446021086,1446021085
856092867,4523950584,268511738
856092868,1446021087,1446021086
856092869,268511738,268511994
859433029,270107619,9921735312
859433030,9921735312,1381614138
859433031,1381614138,8512180616
859433032,8512180616,3750511568
859448266,269826154,7964878350
859448267,7964878350,6148209266
859448267,269820951,3416445301
859448268,3416445301,1385809390
859448268,269820951,8347635352
859448269,8347635352,269826674
859448269,268509352,3989252460
859448270,3989252460,30594752
859448271,30594752,10702861277
859448270,6975523296,8359635027
859448271,8359635027,1385809412
859448271,1385809412,3416445302
859448272,3416445302,269826674
859448272,269820329,7222229195
859448273,7222229195,269827027
859448274,269827027,269827194
859448275,269827194,6148209263
859448276,6148209263,1385809412
859464831,7906881547,270108949
859465689,269988896,269987047
859478072,269989630,8796699317
859478073,8796699317,8256826596
859478074,8256826596,30956901
859478075,30956901,269989629
859478076,269989629,268615860
859731795,1385809418,3416445300
859731796,3416445300,269826154
859731796,1385809412,1385809390
859731797,1385809390,8013580487
859731797,6148209264,7964878348
859731798,7964878348,1385809418
861135172,268860775,7964725258
861135173,4523950652,7964725258
865459157,268503017,856460902
865473176,856460902,268503018
865473177,30341000,8398083942
865474674,1446021089,1446021088
865474675,1446021088,1446021087
865474675,268511994,268488563
865478984,268511175,268822686
865478985,8066957480,8066957477
865478986,8066957477,8066957476
865478987,8066957476,8066957478
865478988,8066957478,8066957475
865478989,8066957475,8066957474
865478990,8066957474,8066957479
865482243,268860669,268860776
865482244,268862197,8066970212
865482245,268860776,268862197
865486639,8075258606,268487334
865486640,268487334,268503017
865486640,1446021089,4523950630
866371633,8075258607,10174922824
866371634,10174922824,268514486
866371634,4523950713,8075258607
866371635,8066957480,268488563
866398742,8078510896,268639290
866398743,268639290,268862663
866398744,268862663,4788979474
866398745,4788979474,268512386
866398746,268512386,274184184
866398747,274184184,274184398
866398748,274184398,268639289
866398749,268639289,274184504
866398750,274184504,268860322
866398751,268860322,274184814
866398752,274184814,268639288
866398753,268639288,268498094
866417744,8075652031,268862658
866417745,268862658,268615850
866417746,268615850,268615851
866439042,950568591,268508494
866439043,268508494,4523950654
866439044,4523950654,856460890
866439045,856460890,3179081389
866439046,3179081389,2434311933
866447042,8075891607,268508486
866447043,4523950618,4523950632
866450575,4523950598,268512386
866450576,274184158,268512386
866463954,848492634,8389303913
866463955,1420664573,8631710265
866463956,8631710265,8076030552
866463956,8076030553,10288194506
866463957,10288194506,30594757
866463958,30594757,1420664573
866463957,8076030554,8082013883
866463958,8082013883,1420664573
866463958,8076030552,848492634
866463959,268514486,2131758335
866463960,2131758335,268514485
866463960,268499917,3416442889
866463961,3416442889,8076030557
866463962,8076030557,7873371428
866465092,5838396932,7238103985
866465093,7238103985,268822693
866466951,268500467,9724904789
866466952,9724904789,9724904776
866466953,9724904776,268615855
866466952,30341005,268500467
866466953,268500467,269958002
866466954,269958002,269957298
866466955,269957298,10582818893
866466954,268511173,30341005
866466955,8397966649,5838396931
866467170,8076035097,6148209278
866469053,268615858,268615863
866469054,268615863,269958260
866469055,269958260,9724904786
866469056,9724904786,268615855
866469057,268615855,268615854
866469054,856460902,268487335
866720669,268508486,8078510896
866720670,8078510898,268508486
866720671,2434311933,2434311932
866720672,268861551,7196387358
866720673,7196387358,2434311933
866720673,2434311933,3179081391
866720674,3179081391,1420660829
866722816,270980948,274179880
866722817,274179880,8236919111
866722818,8236919111,8236919096
866722819,8236919096,274181269
866722817,270981180,270980975
866722818,270980975,8078564644
866722819,268633735,1420660818
866722820,1420660818,1409559465
866722821,1409559465,5008602394
866722822,5008602394,8859995497
866722823,8859995497,270981180
866731820,268509739,10757798863
866731821,10757798863,30341007
866731821,8078707604,8078707603
866731822,8078707603,268509740
866731823,268509740,8078707600
866731824,8078707600,10580028852
866731825,10580028852,268509739
866735729,269832530,2131758331
866735730,2131758331,268510356
866741063,268510357,2461446830
866741064,2461446830,2461446828
866741065,2461446828,269830751
866741064,2461446832,8078739974
866741065,8078739974,8078739973
866745480,274181269,274186479
866745481,274186479,8239969084
866745482,8239969084,8239969080
866745483,8239969080,274185996
866745484,274185996,8079385909
866747389,8078863124,6148209277
866747390,6148209277,8078863123
866747391,8078863123,8078863122
866747392,8078863122,8078863121
866747393,8078863121,8078863120
866747390,30594752,1385809404
866749362,8078863118,8551810254
866749363,8551810254,8551810255
866749364,8551810255,268499917
866780330,8079118964,8079118966
866780331,8079118966,269963560
866783781,8079161228,269960578
866808123,274184155,274184156
866808124,274184156,8079385908
866808125,8079385908,274184157
867017410,270980948,8253675086
867017411,8253675086,8586141364
867017412,8586141364,270980578
867017411,8078564644,270978274
867017413,274180301,270980948
867018397,268615854,8230447251
867018398,8230447251,268861551
867018398,8081699624,9724904795
867018399,9724904795,9724904797
867018400,9724904797,268615854
867019285,8081674790,8081674789
867019286,8081674789,8081674788
867019287,8081674788,8081674787
867019288,8081674787,8081674786
867019289,8081674786,8081674785
867094351,8082348371,8082348370
867125509,8082670971,268508494
867125510,269960578,268639290
867125511,268639290,8082670971
885122523,8231142769,8231142770
885122524,8231142770,1446021091
887431154,5065075411,5065075410
887431155,5065075410,4312134532
887431156,4312134532,5065075403
887431157,5065075403,5065075404
887431158,5065075404,5065075407
887431159,5065075407,5065075408
887431160,5065075408,4364089069
887431161,4364089069,4364089068
887431162,4364089068,2113341940
887431163,2113341940,5065079151
887480062,8251316605,8251316603
887480063,8251316603,8251316604
889116248,269987046,3772750970
894727152,269827671,1385809406
897978426,8345342883,8345342882
903255028,8389303912,268500468
903409237,8390670386,7238081971
903409238,7238081971,8345342900
903409239,8345342900,268509735
903409238,268511172,268500467
903898682,268514485,4523950742
903898683,4523950742,268514242
903898683,8394801746,10174922823
903898684,10174922823,268514485
903898684,268514485,8076030554
903915333,6148209266,269820951
903950050,270105709,7876317358
903950051,7876317358,270105708
903950052,270105708,5886011121
903950051,5288011771,270105709
904172410,2266648126,8512371625
904172411,8512371625,2266648210
904172411,2266648210,6428606330
904172412,6428606330,2266648119
904172413,2266648119,8512371642
904172414,8512371642,4751418018
904173903,2266648210,8512371619
904173904,8512371619,10029799434
904173905,10029799434,8512371624
904173906,8512371624,8512371623
904173907,8512371623,2266648158
904173908,2266648158,8512371626
904173909,8512371626,8512371628
904173910,8512371628,10029799454
904173911,10029799454,2266648187
904251241,848492634,268487336
904253008,8389303913,268497077
904253639,5838396931,9724904800
904253640,9724904800,268511173
904253640,268497077,8397966649
904255514,268511172,268511173
904255515,268509736,268511172
904255516,8397963087,268511172
904255517,8390670387,5838396932
904256738,269958349,269958386
904257869,268633507,268633491
904257870,8397994576,2434312624
904257871,2434312624,268633507
904257871,269958386,8397994576
904258811,268622485,268622486
904258812,8398005927,268622485
904258813,268633507,268639106
904258814,268639106,8398005927
904259092,8348232924,268615856
904259093,268615856,268615858
904259094,268615856,268510352
904259095,268510352,8078707602
904259096,8078707602,8078707601
904259097,8078707601,268510353
904259098,268510353,8078707599
904259099,8078707599,10757798864
904259100,10757798864,10580028853
904259101,10580028853,30341007
904261095,268510356,3989252465
904261096,3989252465,268509736
904261096,268510356,269831728
904261097,269831728,269832331
904261098,269832331,8078757060
904261099,8078757060,8078757056
904261100,8078757056,2461446826
904261101,2461446826,268510357
904267316,268860775,4523950652
904268993,30341001,8398057712
904268994,30341000,5840582514
904268995,5840582514,8398057713
904271298,8398083942,8081674790
904271299,8081674790,268511175
905632797,30340999,8398148947
905632798,8398148947,30341000
932642939,269957019,2434317329
932642940,2434317329,2265972043
932642941,2265972043,2434317341
932642942,2434317341,269957065
932642940,269957015,269957016
932642941,269957016,5002054436
932642942,5002054436,269957017
935915820,269829869,6975523297
935915821,6975523297,6975523296
935915821,269826674,269829869
940583787,8710940331,8397963087
940583788,5838396932,8710940331
941489845,8718850337,30956999
941489846,8718850338,30956999
995415071,270105888,9191782919
995415072,9191782919,7876317337
995415073,7876317337,7876317336
995415074,7876317336,270105889
995415075,270105889,7876317335
995415076,7876317335,7876317334
995415077,7876317334,270105890
995415078,270105890,7876317333
995415079,7876317333,2131738744
995415080,2131738744,270105891
1020151410,268508486,1409559444
1020151411,1409559444,8237007494
1021248528,3772750964,3993793512
1021248529,3993793512,3772750963
1021248530,3772750963,4312134571
1026269351,270110035,5886011108
1026269352,5886011108,270113700
1026269353,270113700,270113920
1026269354,270113920,8337599275
1026269355,8337599275,1936301240
1026269356,1936301240,3416445322
1112178543,10174922823,10174922835
1112178544,10174922835,10174922824
1112178545,10174922824,10174922825
1112178546,10174922825,10174922836
1112178547,10174922836,10174922826
1112178548,10174922826,10174922827
1112178549,10174922827,10174922828
1112178550,10174922828,10174922829
1112178551,10174922829,10174922830
1112178552,10174922830,10174922831
1112178553,10174922831,10174922837
1112178554,10174922837,10174922832
1112178555,10174922832,10174922833
1112178556,10174922833,10174922838
1112178557,10174922838,10174922839
1112178558,10174922839,10174922834
1114968649,269833430,269833646
1125050377,8082013882,10288194507
1125050378,10288194507,8227299307
1125050379,8227299307,10288194505
1125050380,10288194505,10288194508
1125050381,10288194508,8227345229
1125050382,8227345229,10288227310
1125050383,10288227310,10288227309
1125050384,10288227309,10288194504
1125050385,10288194504,10288227311
1125050386,10288227311,10288194503
1125050387,10288194503,10288227312
1125050388,10288227312,10288194502
1125050389,10288194502,10288227313
1125050390,10288227313,10288227314
1125050391,10288227314,8231138668
1125050378,8082013883,8082013882
1125050379,1420664573,8082013882
1126988853,8213741456,8213741448
1126988854,8213741461,8213741450
1129779399,269957017,269957019
1135284437,10582643777,8398148953
1135284438,8398148953,30340999
1135284439,30340998,10582643777
1135284440,8398057713,8398178876
1135284441,8398178876,30341001
1135284441,10582643781,8704838479
1135284442,8704838479,268860775
1135284442,10582643778,30341002
1135284443,30341002,10582643781
1135284444,10582643782,268861657
1135284445,268861657,2434311927
1135284446,2434311927,30341005
1135302401,10582818893,10757798860
1135302402,10757798860,268509739
1135302402,10582818895,10757798868
1135302403,10757798868,30341009
1135302403,10582818897,30341010
1135302404,30341010,10582818898
1135302405,10582818898,30341011
1135302406,30341011,10582818900
1135302407,10582818900,30341012
1135302408,30341012,10582818901
1135302409,10582818901,30341013
1135302410,10582818902,8398190841
1135302411,8398190841,30385203
1135302412,30385203,8744170927
1135302413,8744170927,2434287917
1135302411,2434287917,8398275897
1135302412,8398275897,8398275893
1135302413,8398275893,2180585469
1135302412,10582818904,269986908
1135303297,30341019,8718850338
1135303298,10582826920,30341019
1135338495,7966610559,10029746683
1135338496,10029746683,30341021
1138585950,269994000,270209443
1138585951,270209443,269994072
1150556472,10702861274,30594752
1150556473,10702861277,8076030553
1150556474,1385809404,10702861276
1150556475,10702861276,8078863124
1150556475,1385809404,4523950766
1150556476,4523950766,8551810252
1150556476,10702861279,1385809389
1150556477,1385809389,8082013883
1150556477,10155974412,1385809397
1150556478,1385809397,7955934525
1150556479,7955934525,2131758297
1150556480,2131758297,1385809424
1150556481,1385809424,3989252459
1150556482,3989252459,1385809404
1150556483,1385809404,10702861279
1150556478,268509352,7196387367
1150556479,7196387367,3416445296
1150556480,3416445296,1385809424
1150556481,1385809424,10702861275
1150556479,7873370161,5076454330
1150560849,8013580487,6148209264
1150560852,10702893506,1385809414
1150560853,1385809414,10702861285
1150560853,1385809418,10702916852
1150560854,10702916852,10702893506
1150560854,10702893507,1385809414
1150560855,1385809414,10702861284
1150560856,10702861284,3416445299
1150560857,3416445299,10702861283
1150560858,10702861283,30594728
1152766063,268508491,269959010
1152766064,269959010,3772750738
1152766065,3772750738,269957302
1152766064,4523950673,1420660815
1152766065,1420660815,1409559522
