id,lat,lon
30339493,19.4180574,-99.1341026
30339495,19.4102743,-99.1353293
30339496,19.407881,-99.1357079
30340998,19.4177242,-99.1435748
30340999,19.4183179,-99.1435146
30341000,19.41886,-99.1434592
30341001,19.4203048,-99.1433114
30341002,19.4215,-99.1431892
30341004,19.4234476,-99.142872
30341005,19.4246556,-99.1425647
30341007,19.4269327,-99.1419962
30341009,19.4290313,-99.1416447
30341010,19.4303272,-99.1414639
30341011,19.4311798,-99.1413268
30341012,19.4320048,-99.1412023
30341013,19.4328086,-99.1410809
30341019,19.437782,-99.1402973
30341021,19.4397261,-99.1400037
30381433,19.4328432,-99.1551447
30381435,19.4332989,-99.1541842
30385198,19.4349534,-99.1457784
30385203,19.4341115,-99.1408733
30385296,19.4255534,-99.1553641
30385298,19.4259588,-99.1536669
30594530,19.4333217,-99.1352212
30594539,19.4319714,-99.134355
30594548,19.4326215,-99.139575
30594694,19.4374661,-99.1465236
30594728,19.4301907,-99.1482592
30594752,19.4270777,-99.1489124
30594757,19.4255976,-99.1492302
30594779,19.4353204,-99.149802
30594785,19.4313098,-99.1514452
30594786,19.4306223,-99.1517236
30594788,19.4286575,-99.1525583
30594790,19.427148,-99.1531753
30594809,19.4317964,-99.1397023
30594812,19.4313606,-99.136564
30594832,19.4208293,-99.1501594
30594834,19.4183079,-99.1504906
30956872,19.4367474,-99.1391467
30956873,19.4384444,-99.1388928
30956901,19.4378283,-99.1346074
30956904,19.4312161,-99.1355236
30956996,19.4391624,-99.1434858
30956999,19.438647,-99.1401756
31168286,19.4367056,-99.1388518
268437526,19.4328975,-99.1548303
268437527,19.4331899,-99.1543526
268438712,19.4307002,-99.1585834
268447048,19.435156,-99.1504644
268447507,19.4331693,-99.1541691
268447510,19.4351607,-99.149841
268449487,19.4319378,-99.1541193
268449689,19.4304549,-99.1546559
268449690,19.4297074,-99.1521098
268449691,19.4292862,-99.150996
268451147,19.4284529,-99.1554083
268484604,19.4083467,-99.1355918
268484988,19.4092132,-99.1353952
268486610,19.4170216,-99.1344969
268487334,19.4206859,-99.1485713
268487335,19.4238306,-99.1479273
268487336,19.4254475,-99.1474154
268488563,19.420582,-99.1472222
268497077,19.4251713,-99.1464708
268498094,19.414682,-99.1366394
268499365,19.417823,-99.1446692
268499917,19.4258059,-99.1537268
268499921,19.4239583,-99.1357078
268500003,19.4236828,-99.1331887
268500306,19.424026,-99.1357147
268500467,19.4248083,-99.1425258
268500468,19.4253214,-99.1464494
268502970,19.4239725,-99.1495309
268503017,19.4212659,-99.1484549
268503018,19.422168,-99.149903
268508486,19.4225626,-99.1357081
268508487,19.4229622,-99.1351653
268508488,19.423905,-99.1349225
268508490,19.4241038,-99.1346774
268508491,19.4244303,-99.1345109
268508494,19.421014,-99.1379719
268509352,19.4272234,-99.1488749
268509734,19.4271947,-99.1484274
268509735,19.4271127,-99.1461625
268509736,19.4268002,-99.1429801
268509737,19.4267481,-99.1426068
268509739,19.4265746,-99.14208
268509740,19.4265459,-99.1417626
268509741,19.4266268,-99.1413155
268510352,19.4267095,-99.1413069
268510353,19.4268621,-99.1416766
268510355,19.4269173,-99.1425647
268510356,19.4269307,-99.1429544
268510357,19.4272389,-99.1461381
268510358,19.4273384,-99.1484503
268510533,19.4242234,-99.1533349
268511171,19.4343941,-99.14186
268511172,19.4249148,-99.1433763
268511173,19.4247595,-99.1434113
268511174,19.4216159,-99.1440418
268511175,19.418941,-99.1444791
268511176,19.4143771,-99.1452239
268511737,19.4181944,-99.1490948
268511738,19.4180768,-99.1476668
268511994,19.4192064,-99.1474647
268511995,19.4193184,-99.1488565
268511996,19.4194572,-99.1503593
268512385,19.4180823,-99.1343309
268512386,19.4181768,-99.1361259
268512387,19.418785,-99.1425836
268513827,19.4256641,-99.1527651
268514123,19.4185402,-99.1533541
268514124,19.4196757,-99.1532562
268514125,19.4239698,-99.1529191
268514126,19.424221,-99.153096
268514242,19.425721,-99.1511293
268514485,19.4255575,-99.1511588
268514486,19.4241036,-99.1514613
268514487,19.4231975,-99.1516479
268514488,19.4196011,-99.1522684
268514489,19.418459,-99.1524181
268514490,19.4158477,-99.1527778
268514491,19.4149575,-99.1529053
268614219,19.4043282,-99.1362885
268615845,19.4157382,-99.1409985
268615846,19.4175186,-99.1407362
268615848,19.4167208,-99.1408497
268615850,19.4198579,-99.1403922
268615851,19.4185989,-99.1405825
268615852,19.4212291,-99.1401851
268615854,19.4243142,-99.1397636
268615855,19.4244591,-99.1397371
268615856,19.4265396,-99.1394028
268615858,19.4264645,-99.1394128
268615859,19.4407714,-99.1372515
268615860,19.4382624,-99.1376233
268615862,19.4324842,-99.1384633
268615863,19.4255184,-99.1395471
268620192,19.4396166,-99.1353273
268620193,19.4407633,-99.1352954
268620195,19.4436596,-99.1352341
268620937,19.4354127,-99.1359589
268621340,19.4322222,-99.1364455
268621341,19.4334651,-99.1362344
268621359,19.4323477,-99.1374913
268622218,19.4320963,-99.1353972
268622485,19.4262726,-99.137325
268622486,19.4263514,-99.1373142
268623454,19.4075296,-99.1395627
268623455,19.4138838,-99.1388103
268623456,19.4148195,-99.1387007
268623457,19.4155336,-99.1386161
268623458,19.4173212,-99.1384044
268623459,19.4183848,-99.1382784
268633491,19.4260855,-99.1342764
268633507,19.4259987,-99.1342894
268633522,19.4309473,-99.1335877
268633735,19.4237543,-99.1331882
268636314,19.4359878,-99.1337779
268639104,19.4310729,-99.1344924
268639105,19.4261708,-99.1352418
268639106,19.4260892,-99.1352539
268639288,19.4153581,-99.1365388
268639289,19.4171466,-99.1362694
268639290,19.4207856,-99.1358162
268822683,19.4190773,-99.1458698
268822686,19.4196649,-99.1457597
268822693,19.4269372,-99.1443674
268822710,19.4161974,-99.1463916
268822711,19.4171087,-99.1462201
268822712,19.4179485,-99.1460812
268839417,19.4084188,-99.1394537
268839961,19.4096606,-99.1393081
268840040,19.4105473,-99.1391979
268840138,19.4116051,-99.1390781
268840613,19.412902,-99.1389271
268840656,19.413394,-99.1388683
268840668,19.4148132,-99.1451323
268840697,19.4143602,-99.1387539
268840709,19.4122335,-99.1390031
268842055,19.4101008,-99.1392585
268842609,19.4110669,-99.1391363
268842937,19.4090283,-99.1393879
268860321,19.4165085,-99.1385006
268860322,19.4163059,-99.1363956
268860323,19.4161625,-99.1346316
268860324,19.4176855,-99.1525305
268860327,19.4170073,-99.1447927
268860669,19.4223001,-99.1469224
268860775,19.4221653,-99.1431212
268860776,19.4223061,-99.145265
268860777,19.4222994,-99.1439349
268860778,19.4221386,-99.1439607
268861104,19.4240006,-99.1369057
268861160,19.4225334,-99.1371017
268861219,19.4235237,-99.1356271
268861390,19.4235933,-99.1370431
268861478,19.4234686,-99.1365015
268861479,19.4231333,-99.1365327
268861551,19.424153,-99.1384408
268861572,19.4224432,-99.1386798
268861638,19.424425,-99.1406724
268861657,19.4244081,-99.1426276
268862196,19.4242393,-99.1435166
268862197,19.4237291,-99.1450368
268862315,19.4197928,-99.1381116
268862317,19.419373,-99.1341255
268862631,19.4211466,-99.1531485
268862644,19.4210376,-99.1520709
268862648,19.4235434,-99.1436692
268862658,19.4199898,-99.1403723
268862663,19.4195536,-99.1359023
268862780,19.4222693,-99.1420579
268862785,19.4214024,-99.142109
268862788,19.4223007,-99.141553
268862789,19.4213604,-99.1416431
268862792,19.4213044,-99.1410212
268862971,19.4223395,-99.1409305
268863152,19.4211204,-99.1390664
268863153,19.4224362,-99.1389208
268863171,19.4224526,-99.1384103
268863172,19.4210708,-99.1385559
268863176,19.4213792,-99.1418512
268863211,19.4209032,-99.1432502
268863264,19.4201637,-99.1419931
268863319,19.4207736,-99.1419218
268863406,19.4190766,-99.1381965
268863848,19.41871,-99.134232
268865285,19.4198748,-99.1390507
268865286,19.4184698,-99.1391932
268865287,19.41984,-99.1386516
268865288,19.4184337,-99.1388046
268865289,19.4196704,-99.1369818
268865290,19.4189841,-99.1370889
269819947,19.4301319,-99.1534967
269820143,19.4336858,-99.1531001
269820329,19.4333408,-99.1506214
269820368,19.43356,-99.1520868
269820814,19.4310332,-99.1514519
269820842,19.4309338,-99.1517189
269820848,19.4311478,-99.1571952
269820932,19.4319049,-99.154897
269820933,19.4319382,-99.1547293
269820951,19.4321826,-99.1478321
269820952,19.4326345,-99.150905
269820958,19.4295909,-99.1549739
269820959,19.4291682,-99.1539176
269820961,19.4312273,-99.1574936
269820962,19.430386,-99.1577429
269820985,19.4314019,-99.1564638
269820986,19.4309629,-99.1565578
269820987,19.4301261,-99.1568167
269821267,19.4317561,-99.1553686
269821404,19.4298731,-99.155936
269821579,19.4275538,-99.1530055
269821580,19.4280444,-99.1543783
269821700,19.4266364,-99.1549576
269821701,19.426137,-99.1535984
269821772,19.4276512,-99.1545401
269821891,19.4272972,-99.1546857
269821936,19.4267862,-99.1533268
269821983,19.4270198,-99.1547999
269822044,19.4265095,-99.1534426
269822462,19.4275161,-99.1523865
269822533,19.4261419,-99.1529671
269822665,19.4304463,-99.1501624
269825078,19.4306371,-99.1507381
269825261,19.4274526,-99.1513828
269825324,19.4266749,-99.1509337
269825424,19.4274159,-99.150783
269825425,19.4280165,-99.15066
269825426,19.4324661,-99.1497602
269825429,19.4296049,-99.1509352
269825431,19.429714,-99.1503119
269826075,19.4317524,-99.1512603
269826153,19.4315531,-99.1499482
269826154,19.4312624,-99.1480303
269826155,19.4304447,-99.1424667
269826674,19.4329233,-99.1476782
269826675,19.4321482,-99.1422014
269827027,19.4331407,-99.1492404
269827028,19.4324062,-99.1493791
269827039,19.4323235,-99.1488012
269827194,19.4330572,-99.1486481
269827195,19.4353225,-99.1481369
269827671,19.4360452,-99.1479939
269828167,19.4342775,-99.1418067
269829869,19.4338248,-99.147507
269830124,19.4329629,-99.1420662
269830435,19.4313547,-99.1423295
269830751,19.4273186,-99.1473876
269831116,19.4310562,-99.1466045
269831117,19.4319638,-99.1464124
269831118,19.4327209,-99.1462514
269831119,19.4335961,-99.1460626
269831192,19.4348771,-99.1447509
269831439,19.4334456,-99.1450323
269831440,19.43257,-99.1451972
269831442,19.4308931,-99.1454771
269831728,19.4269546,-99.1432227
269831981,19.431389,-99.1425944
269831982,19.4304874,-99.1427532
269832168,19.4345231,-99.1426904
269832327,19.4331185,-99.1429535
269832328,19.4322657,-99.1430421
269832329,19.4314609,-99.1431504
269832330,19.4305646,-99.1432716
269832331,19.4270168,-99.1438902
269832466,19.4285057,-99.1459094
269832527,19.4282625,-99.1446096
269832528,19.4281616,-99.1436738
269832529,19.4281037,-99.1430719
269832530,19.4280692,-99.1427845
269832531,19.4279544,-99.1418029
269832794,19.4298626,-99.1456652
269832795,19.4295262,-99.1428776
269832946,19.4292759,-99.1457706
269833117,19.4294475,-99.1469422
269833193,19.4295588,-99.1477485
269833246,19.4301102,-99.1476395
269833430,19.4298892,-99.1428416
269833646,19.4298555,-99.1425458
269833647,19.4297417,-99.1415456
269833704,19.4292225,-99.1429078
269834072,19.4279068,-99.1295493
269834074,19.4284431,-99.1349093
269834075,19.4286498,-99.1369903
269834077,19.4291814,-99.1426353
269834086,19.4278003,-99.1285986
269834087,19.4288184,-99.1390547
269834088,19.432322,-99.1434391
269834089,19.4345674,-99.1429419
269834091,19.4323787,-99.1438391
269834092,19.4329205,-99.1437707
269834095,19.4315398,-99.143662
269834112,19.4306439,-99.1438039
269834113,19.4317232,-99.1448522
269834114,19.4313571,-99.1449101
269834115,19.4312969,-99.1444977
269834116,19.4316589,-99.1444345
269956905,19.4291853,-99.1250721
269956906,19.4291271,-99.1264309
269956907,19.4299223,-99.1324688
269956908,19.4300982,-99.1337079
269956909,19.4302279,-99.1346216
269956910,19.4305223,-99.1366954
269956911,19.430818,-99.1387116
269957015,19.4299554,-99.138881
269957016,19.4296716,-99.1368286
269957017,19.4293851,-99.1347575
269957019,19.4292565,-99.1338273
269957065,19.4290858,-99.1325925
269957068,19.428318,-99.1251981
269957093,19.4283042,-99.1269401
269957104,19.4274704,-99.1418945
269957114,19.4272071,-99.1393008
269957115,19.4270306,-99.1372189
269957116,19.4268348,-99.135149
269957117,19.4266966,-99.1341849
269957132,19.426523,-99.1329709
269957192,19.4275399,-99.1401276
269957205,19.4272855,-99.140154
269957262,19.4300912,-99.1398632
269957263,19.4288914,-99.1399876
269957298,19.4259854,-99.1422213
269957299,19.4255958,-99.1404644
269957300,19.4253245,-99.1374563
269957301,19.4251466,-99.1353984
269957302,19.42507,-99.1344203
269957805,19.4265445,-99.1403608
269957872,19.4252648,-99.140553
269957873,19.4253125,-99.1416607
269957874,19.4250196,-99.1417185
269957952,19.4252826,-99.1416734
269958002,19.4254007,-99.1423751
269958017,19.4254888,-99.1391671
269958102,19.4264016,-99.1387283
269958111,19.4254413,-99.1386516
269958183,19.426395,-99.1386566
269958260,19.4249026,-99.1396563
269958263,19.4248092,-99.1389946
269958349,19.4259754,-99.1330334
269958386,19.4258853,-99.133043
269959010,19.4247227,-99.1344695
269959205,19.4245671,-99.1332254
269959439,19.4227952,-99.1341821
269959440,19.4230859,-99.1343319
269959441,19.4235807,-99.1342693
269959442,19.4238038,-99.1342998
269960495,19.4216857,-99.1336013
269960576,19.4204371,-99.1338431
269960577,19.4205794,-99.1339238
269960578,19.4206283,-99.134001
269960877,19.4221305,-99.1336399
269960878,19.4219008,-99.1335964
269961130,19.4227143,-99.1335511
269961133,19.4226163,-99.1337133
269961134,19.4226033,-99.1337717
269961136,19.4226181,-99.1338223
269963109,19.4239923,-99.1333132
269963307,19.4226905,-99.1334325
269963308,19.4233926,-99.1333126
269963309,19.4234709,-99.1332847
269963310,19.4235869,-99.1331152
269963311,19.4236145,-99.1326645
269963560,19.4222789,-99.1336392
269963900,19.4257401,-99.131404
269963901,19.4258209,-99.1310072
269963902,19.4259507,-99.1308124
269963907,19.4261933,-99.1299417
269963908,19.4260572,-99.1288482
269964052,19.4256103,-99.1255914
269964053,19.4261363,-99.1288324
269964056,19.4261727,-99.1305577
269964058,19.4258951,-99.1310555
269964059,19.4258329,-99.1314699
269964306,19.428218,-99.1400574
269964732,19.4267461,-99.1279275
269964735,19.4281326,-99.1391594
269964736,19.427907,-99.137105
269964737,19.4276494,-99.1350158
269964738,19.427533,-99.1340714
269964739,19.4273725,-99.1328456
269964740,19.4269586,-99.129685
269965029,19.4281677,-99.1395282
269965031,19.4272362,-99.1396173
269965037,19.428365,-99.1391239
269965092,19.4274937,-99.1395927
269965177,19.429572,-99.1415692
269965352,19.4295623,-99.1399181
269986908,19.4361555,-99.140571
269987044,19.4351277,-99.1338942
269987045,19.4349043,-99.1320906
269987046,19.4358618,-99.1390239
269987047,19.4357154,-99.1380011
269987048,19.4352751,-99.1349414
269987714,19.4339252,-99.1243404
269987745,19.4333466,-99.1299083
269988105,19.4260297,-99.1308402
269988225,19.4402103,-99.1289211
269988226,19.4345814,-99.1297269
269988227,19.4296338,-99.1304364
269988228,19.428804,-99.1305547
269988229,19.4280312,-99.1306589
269988230,19.4271042,-99.130797
269988231,19.4262823,-99.1308753
269988894,19.4351605,-99.1275777
269988896,19.4365585,-99.1378821
269988897,19.4362601,-99.1358191
269988898,19.4361328,-99.1348193
269988899,19.4354374,-99.1296111
269989265,19.4362787,-99.1294897
269989266,19.4376016,-99.1390182
269989267,19.4374223,-99.1377479
269989268,19.4371028,-99.1356858
269989269,19.4369714,-99.1347223
269989270,19.4368397,-99.1336568
269989354,19.4365709,-99.1316058
269989628,19.4368275,-99.1273349
269989629,19.437942,-99.1355547
269989630,19.4376906,-99.1335363
269989631,19.4371066,-99.1293865
269989724,19.4395903,-99.1374243
269989981,19.439875,-99.1332322
269989983,19.4400686,-99.1311569
269990542,19.4393477,-99.133296
269990659,19.4389204,-99.1274948
269990660,19.4390332,-99.1291112
269990664,19.4385246,-99.1334216
269990823,19.4380864,-99.1292506
269990824,19.4377946,-99.1263978
269990904,19.4357069,-99.1317148
269991029,19.4391886,-99.1312817
269991030,19.4383018,-99.1313788
269991031,19.4373929,-99.1314876
269994000,19.4316883,-99.1323285
269994072,19.4314219,-99.1301593
269994167,19.4302066,-99.1282534
269994176,19.4307745,-99.132343
269994178,19.4304964,-99.1302983
269994297,19.4326392,-99.1300016
269994322,19.4319564,-99.1246431
269995188,19.4407543,-99.1310866
269995395,19.4425756,-99.1353071
269995398,19.4423095,-99.1308702
269995703,19.4418953,-99.135318
269995704,19.4414005,-99.1309974
269995954,19.4409858,-99.1310573
269996681,19.4321776,-99.1262128
269996684,19.4320966,-99.1256072
269996691,19.4376758,-99.1254412
269996695,19.4341076,-99.1259478
269997270,19.438006,-99.1285212
269997271,19.4389882,-99.1284822
269997632,19.4378878,-99.1271406
269997634,19.4268345,-99.1287372
269997635,19.4285195,-99.1284955
269997636,19.4293418,-99.1283775
269997637,19.4311485,-99.1281183
269997638,19.4323866,-99.1279805
269997640,19.4343236,-99.127684
269997703,19.4263529,-99.1297818
269997729,19.4303381,-99.1292007
269997730,19.4294759,-99.1293242
269997731,19.4286502,-99.1294426
269997733,19.4344553,-99.1287071
269997734,19.4332799,-99.1288701
269997735,19.4325122,-99.1289755
269997736,19.4312838,-99.129142
269997912,19.4310724,-99.1272561
269997913,19.4322826,-99.1270857
269997915,19.434218,-99.1268472
269997919,19.4283983,-99.1276201
269997920,19.4292181,-99.1275073
269997945,19.4375901,-99.1248098
269998468,19.4340141,-99.1250816
269998516,19.4320518,-99.1252668
269998804,19.4258002,-99.1268332
269998806,19.4291534,-99.1269693
269998826,19.4258969,-99.1280184
269998827,19.4259843,-99.1280095
270103551,19.425694,-99.1261548
270103554,19.4283261,-99.1263721
270103555,19.4291285,-99.1265689
270104474,19.4291759,-99.1256627
270105706,19.4389002,-99.1532671
270105708,19.4375171,-99.1468251
270105709,19.4374937,-99.1467015
270105800,19.4357311,-99.1555041
270105801,19.4354089,-99.1533244
270105802,19.4354724,-99.1532083
270105803,19.4358927,-99.1530136
270105805,19.4363461,-99.1530157
270105806,19.4365396,-99.1531604
270105807,19.4366909,-99.1540223
270105857,19.4355309,-99.1543043
270105885,19.4355464,-99.1544088
270105886,19.4359103,-99.1529065
270105887,19.4358883,-99.1527385
270105888,19.4356433,-99.1508703
270105889,19.4355131,-99.1505524
270105890,19.4354182,-99.1505046
270105891,19.4352454,-99.150535
270105956,19.4379567,-99.1491105
270105957,19.4362347,-99.149563
270105958,19.4357126,-99.1497774
270105994,19.4355143,-99.150082
270105997,19.4360401,-99.1529924
270106310,19.4367013,-99.1540896
270106770,19.4399642,-99.1488114
270107594,19.4338637,-99.1534776
270107619,19.4337865,-99.1533913
270108886,19.4397978,-99.1518118
270108889,19.4386373,-99.1521639
270108935,19.4373672,-99.1538249
270108936,19.4371045,-99.1528439
270108949,19.4371576,-99.1492742
270108957,19.4379206,-99.1536271
270108958,19.437598,-99.1526132
270108959,19.4372503,-99.1513167
270109028,19.435862,-99.1525385
270109029,19.4374682,-99.1521668
270109030,19.4369592,-99.1522923
270109036,19.4357916,-99.1520016
270109037,19.4368405,-99.1518472
270109144,19.4383917,-99.1511245
270109145,19.4367283,-99.1513956
270109146,19.4357321,-99.1515474
270109148,19.4356558,-99.150966
270109285,19.4382536,-99.1504875
270109288,19.4455624,-99.1488232
270109289,19.4510777,-99.147555
270109290,19.4528519,-99.1471484
270109293,19.4365763,-99.1507987
270109294,19.4372341,-99.1506575
270109359,19.4356254,-99.150491
270109371,19.4364344,-99.1502759
270110035,19.439347,-99.1448165
270110036,19.4402278,-99.1500823
270110037,19.4405557,-99.1515534
270110222,19.4394043,-99.1502744
270110223,19.4391368,-99.1489347
270110275,19.4390112,-99.1512546
270110276,19.43883,-99.1503807
270110292,19.439675,-99.1502138
270110352,19.440055,-99.1492305
270110511,19.4421263,-99.151043
270110512,19.4418919,-99.149688
270110513,19.4410392,-99.1444994
270110572,19.4392299,-99.1494267
270110657,19.4423255,-99.1509888
270110778,19.440389,-99.1508054
270113613,19.4508509,-99.1476031
270113669,19.4428692,-99.1494365
270113671,19.4422037,-99.1465932
270113699,19.4386201,-99.1465474
270113700,19.4396,-99.1463296
270113798,19.4376734,-99.1476398
270113914,19.4517847,-99.1444116
270113915,19.4450895,-99.1459248
270113916,19.4431674,-99.1463712
270113920,19.4397219,-99.147141
270114204,19.444589,-99.1490655
270114206,19.4441041,-99.1461424
270114254,19.4377763,-99.1481739
270114443,19.4378596,-99.1486064
270114444,19.4388768,-99.1482642
270114445,19.4386669,-99.1473909
270114645,19.4387902,-99.1473617
270114648,19.4386968,-99.1465304
270114649,19.4386205,-99.1455551
270114750,19.4437166,-99.1439291
270114752,19.4475317,-99.1431457
270114790,19.4412813,-99.1459578
270114800,19.4449496,-99.1451472
270114801,19.4447173,-99.1437244
270114803,19.4368775,-99.1440427
270114806,19.4391431,-99.1433662
270114809,19.4430317,-99.1455742
270114810,19.4427877,-99.1441255
270114812,19.4399587,-99.1419725
270114816,19.4376522,-99.1438576
270114817,19.4376257,-99.1437415
270114836,19.4408207,-99.1426071
270114841,19.4384326,-99.1435419
270114843,19.4384594,-99.1436589
270114896,19.4387799,-99.1411109
270114909,19.4389543,-99.1421965
270114933,19.4388714,-99.141683
270114934,19.4380532,-99.141882
270114935,19.4372466,-99.1420788
270114943,19.4388204,-99.1413671
270114944,19.4379839,-99.1415371
270114945,19.4390903,-99.1430394
270114946,19.4383517,-99.1431879
270114954,19.4383128,-99.1430178
270114955,19.4375028,-99.1432026
270115007,19.439598,-99.1386549
270115014,19.4439717,-99.1453624
270115017,19.451762,-99.1436228
270115020,19.4396207,-99.1390497
270115023,19.4384985,-99.1392165
270115036,19.4390832,-99.1375006
270115041,19.4387959,-99.1354353
270208045,19.4432575,-99.1352678
270208354,19.4398158,-99.133832
270208405,19.4383267,-99.13392
270208532,19.4407806,-99.1366537
270208533,19.439553,-99.1366958
270208621,19.4407397,-99.1347645
270208669,19.4396956,-99.1347647
270209015,19.4359938,-99.1399465
270209145,19.4368362,-99.1397795
270209315,19.4355544,-99.1369788
270209443,19.4315333,-99.1310662
270209444,19.4306171,-99.1312099
270209445,19.430657,-99.1314969
270209446,19.4298016,-99.1316184
270209447,19.4305719,-99.1308844
270209464,19.4297133,-99.1309963
270209468,19.4285369,-99.1358541
270209474,19.4277661,-99.1359611
270209821,19.4463619,-99.1486412
270209823,19.4458799,-99.1457672
270209824,19.4457501,-99.144971
270209825,19.4455172,-99.1435608
270210330,19.447317,-99.1484237
270210332,19.4468398,-99.1455467
270210333,19.4466993,-99.1447673
270210334,19.4464749,-99.1433635
270210485,19.448276,-99.1482053
270210487,19.4477927,-99.145332
270210488,19.4476679,-99.1445413
270210846,19.4492209,-99.1479901
270210848,19.4487306,-99.1451068
270210849,19.4486232,-99.144318
270211066,19.449556,-99.1441167
270211067,19.4496931,-99.144902
270211069,19.4501865,-99.147759
270211211,19.450582,-99.1447013
270211212,19.4504625,-99.143921
270211426,19.4519553,-99.1473674
270211429,19.4514357,-99.1444842
270211467,19.4515568,-99.1474444
270211703,19.4498616,-99.1440507
270212704,19.4481404,-99.1444261
270978274,19.4233903,-99.1292276
270978609,19.4237834,-99.1344702
270978628,19.4236828,-99.1341691
270978629,19.4234675,-99.1335017
270980578,19.4232484,-99.129244
270980948,19.4234736,-99.1310322
270980974,19.4255528,-99.1307375
270980975,19.4236164,-99.1310115
270981180,19.4236971,-99.131758
270982064,19.4244519,-99.1316275
270982285,19.4243586,-99.1309038
270983037,19.4245452,-99.1316113
271023479,19.4318597,-99.1238899
274179798,19.4228902,-99.1283914
274179879,19.4228466,-99.1292933
274179880,19.4227485,-99.131161
274179881,19.4226813,-99.1333412
274180102,19.420038,-99.1338168
274180157,19.4207539,-99.1330374
274180158,19.4211709,-99.1328484
274180159,19.4213806,-99.1328424
274180160,19.4227208,-99.1328501
274180161,19.4235847,-99.1328896
274180301,19.423591,-99.131763
274180612,19.421276,-99.1276463
274181267,19.4212173,-99.1284765
274181268,19.4212355,-99.1295074
274181269,19.4212928,-99.1313746
274181270,19.4211881,-99.1336679
274182518,19.4060593,-99.1360035
274182983,19.407193,-99.1358206
274184155,19.4178192,-99.1322109
274184156,19.4178613,-99.1323925
274184157,19.4179802,-99.1338905
274184158,19.4180319,-99.1345438
274184184,19.4180162,-99.1361463
274184250,19.4178812,-99.1343604
274184274,19.4178571,-99.1341344
274184395,19.4180514,-99.1406604
274184396,19.4178476,-99.138342
274184398,19.4176704,-99.1361902
274184453,19.4175119,-99.1344192
274184504,19.4167295,-99.1363344
274184616,19.4171049,-99.140795
274184617,19.4169162,-99.1384523
274184690,19.4171426,-99.1415137
274184813,19.4160032,-99.1385605
274184814,19.4158337,-99.1364657
274184958,19.4153621,-99.141049
274185917,19.4193384,-99.1339163
274185996,19.4190879,-99.1317125
274186172,19.4177384,-99.1325557
274186174,19.4180724,-99.1325615
274186175,19.4181999,-99.1323328
274186176,19.4191543,-99.1322977
274186177,19.4191799,-99.132523
274186180,19.4213499,-99.132287
274186201,19.4206745,-99.1331245
274186294,19.420584,-99.1329558
274186295,19.4203005,-99.1328919
274186296,19.4202736,-99.1324381
274186479,19.4203364,-99.1315195
274186480,19.4202326,-99.1306774
274186755,19.4171471,-99.1342471
274187453,19.4152027,-99.1345557
274187628,19.414574,-99.1346555
274187706,19.4122017,-99.135032
274187776,19.4113349,-99.1351678
274188632,19.4086398,-99.1355055
274188765,19.408028,-99.1356784
274191159,19.4045896,-99.1362405
555079029,19.4152619,-99.1450656
842889546,19.4176154,-99.1422729
842889555,19.4199245,-99.133831
842889560,19.4153871,-99.1386338
842889561,19.4200851,-99.1338786
844359662,19.4094941,-99.1353843
848492634,19.425305,-99.1474555
856460888,19.4160726,-99.1449357
856460889,19.4225243,-99.1338925
856460890,19.4224744,-99.1377931
856460891,19.4203942,-99.1442348
856460893,19.4223959,-99.1400252
856460894,19.4232124,-99.1343347
856460896,19.4164522,-99.1494458
856460898,19.4224335,-99.1338183
856460901,19.4218217,-99.1334743
856460902,19.4220122,-99.1483104
856460904,19.4214153,-99.133435
927324368,19.4337124,-99.1467965
950568590,19.4205181,-99.138984
950568591,19.4203919,-99.1380397
1122529123,19.420387,-99.1338385
1140221621,19.4236594,-99.1453494
1381614138,19.4333631,-99.1542729
1381629288,19.4339146,-99.1533731
1381629290,19.4340575,-99.1534321
1382691441,19.4314175,-99.1581903
1382788722,19.4373458,-99.146906
1382788736,19.4372639,-99.1464907
1382788739,19.4385004,-99.1522597
1382788744,19.4378146,-99.1491444
1382788757,19.4387656,-99.1533141
1382788773,19.4373739,-99.1470131
1382788786,19.4381197,-99.1505123
1382828419,19.4344098,-99.1419721
1382828428,19.4344229,-99.1420456
1382828461,19.4363608,-99.141961
1382834991,19.4374096,-99.1462965
1382838437,19.4364615,-99.1424977
1382838440,19.4367268,-99.1439532
1382838441,19.4371293,-99.1458636
1382838442,19.4362556,-99.140694
1383544132,19.4527965,-99.1471625
1385760545,19.4337356,-99.1532538
1385784711,19.4356173,-99.1502778
1385784713,19.4356196,-99.1504138
1385784716,19.4356463,-99.1500962
1385784722,19.4354002,-99.1493257
1385794396,19.4357778,-99.1494149
1385794403,19.435895,-99.1495125
1385794412,19.435648,-99.1491929
1385794415,19.4357383,-99.149364
1385809389,19.4256043,-99.1492963
1385809390,19.4321979,-99.1479362
1385809397,19.4272994,-99.148984
1385809404,19.4270499,-99.1490148
1385809406,19.4359812,-99.1472323
1385809412,19.4329384,-99.1477846
1385809414,19.4301786,-99.1483696
1385809418,19.4312771,-99.1481317
1385809424,19.4271888,-99.1489973
1409559430,19.4230033,-99.1343232
1409559432,19.4243469,-99.1345511
1409559434,19.422924,-99.1341877
1409559436,19.4230796,-99.1342587
1409559438,19.423703,-99.1328354
1409559441,19.4237346,-99.1342858
1409559444,19.422539,-99.1354983
1409559460,19.4231516,-99.1342561
1409559462,19.4241171,-99.1344678
1409559465,19.4237863,-99.1326736
1409559467,19.424257,-99.1345109
1409559469,19.4236398,-99.1342091
1409559490,19.4235618,-99.1320089
1409559491,19.4237003,-99.1324956
1409559492,19.4223806,-99.1335313
1409559493,19.4234855,-99.1342051
1409559495,19.4229956,-99.1342384
1409559518,19.4230289,-99.1351119
1409559522,19.4238003,-99.1349239
1409559524,19.4228605,-99.1342447
1420541289,19.4330337,-99.1538829
1420541294,19.4333059,-99.1539171
1420541297,19.4340209,-99.1535179
1420660809,19.4233875,-99.1335153
1420660814,19.4235788,-99.1335346
1420660815,19.4237133,-99.1349629
1420660816,19.4236608,-99.133732
1420660817,19.4237555,-99.1349921
1420660818,19.4237781,-99.1328279
1420660819,19.4237945,-99.135067
1420660820,19.4238505,-99.133183
1420660821,19.4238158,-99.1328195
1420660822,19.4238807,-99.1334931
1420660823,19.4238339,-99.135599
1420660824,19.4238639,-99.1342727
1420660825,19.4239335,-99.134137
1420660826,19.4239539,-99.136909
1420660828,19.4240158,-99.1351642
1420660829,19.4240078,-99.1371106
1420660830,19.4240246,-99.134926
1420660831,19.4240793,-99.1347658
1420660832,19.4240559,-99.1355651
1420660833,19.4240964,-99.1367886
1420660834,19.4241245,-99.1369779
1420660835,19.4241579,-99.1367917
1420660836,19.4242216,-99.1345964
1420660841,19.4265815,-99.1509545
1420664573,19.425441,-99.1492605
1440065542,19.4373094,-99.1467267
1446021085,19.4172712,-99.1479096
1446021086,19.4180859,-99.1477595
1446021087,19.4192147,-99.1475582
1446021088,19.4205898,-99.147309
1446021089,19.4206212,-99.1473033
1446021090,19.4219084,-99.1470737
1446021091,19.4237421,-99.1467589
1446103272,19.4227396,-99.1430347
1446103275,19.4244499,-99.1428252
1446103277,19.4266576,-99.1423593
1446103278,19.4269373,-99.1423041
1869956235,19.4382604,-99.1511696
1936301240,19.4399372,-99.1486985
1975843101,19.4167333,-99.1526595
1975843102,19.4173919,-99.1492565
1975843109,19.4223565,-99.1518058
1975843110,19.4224646,-99.153039
1983085865,19.4282505,-99.132723
1983085867,19.4307991,-99.1325207
1983085873,19.4317944,-99.1453139
2113341940,19.4320199,-99.1334209
2131730776,19.427352,-99.1473806
2131730797,19.427273,-99.1461319
2131734710,19.4253225,-99.1374303
2131738701,19.433937,-99.1533864
2131738736,19.4356922,-99.1498709
2131738744,19.4352832,-99.1505183
2131738804,19.4336752,-99.1530606
2131738812,19.4338833,-99.1534889
2131738823,19.4351324,-99.1498537
2131758278,19.4262052,-99.1529404
2131758283,19.4270015,-99.1432162
2131758297,19.4272485,-99.1489912
2131758299,19.4269931,-99.1419848
2131758307,19.4267322,-99.1509231
2131758313,19.4263875,-99.1373086
2131758315,19.4270716,-99.1438808
2131758317,19.4262028,-99.1352369
2131758321,19.4252275,-99.147484
2131758325,19.4272807,-99.1488601
2131758327,19.4255972,-99.1527731
2131758329,19.42658,-99.1393966
2131758331,19.4269828,-99.1429486
2131758333,19.4256101,-99.1553765
2131758335,19.4254933,-99.1511726
2180585469,19.4348107,-99.140766
2255952606,19.4332528,-99.1542835
2265931054,19.4407381,-99.1331055
2265959610,19.434742,-99.1402265
2265972043,19.4291661,-99.1331732
2265973053,19.428524,-99.1322181
2265973054,19.428559,-99.1326703
2265973055,19.4290199,-99.1321157
2266648107,19.4404458,-99.1438525
2266648109,19.4406578,-99.1438468
2266648111,19.441066,-99.143548
2266648113,19.4402541,-99.1426058
2266648117,19.4409831,-99.1436599
2266648119,19.439994,-99.1435261
2266648126,19.4401716,-99.143735
2266648158,19.4403922,-99.1430639
2266648179,19.4400423,-99.1427912
2266648181,19.4402442,-99.1437826
2266648187,19.4408954,-99.1426549
2266648195,19.4410278,-99.1427881
2266648205,19.44076,-99.1438155
2266648206,19.4405295,-99.1425344
2266648207,19.4411245,-99.1434198
2266648208,19.4399703,-99.1429162
2266648209,19.4405435,-99.1434349
2266648210,19.4400457,-99.1436073
2266653687,19.4311002,-99.1516379
2266653689,19.4308609,-99.1512803
2266653693,19.4310748,-99.1517862
2267303334,19.4337965,-99.1339529
2267303389,19.4335723,-99.1338183
2267465342,19.4358617,-99.1461193
2267465353,19.4351295,-99.1462626
2267465356,19.4359792,-99.1471347
2271092818,19.4451274,-99.1451081
2271092843,19.4448815,-99.1436909
2286069615,19.4335869,-99.1319176
2286069628,19.4335692,-99.1319859
2287858327,19.4433942,-99.1477582
2287858328,19.4443306,-99.1475384
2293882718,19.4379355,-99.1489982
2312096224,19.4130787,-99.1348928
2312096234,19.4132849,-99.1348601
2353155528,19.4181646,-99.134087
2353155529,19.4115908,-99.1351289
2353155530,19.4135084,-99.1348246
2353155532,19.4129119,-99.1349193
2353155537,19.4146906,-99.1346369
2353155539,19.4153494,-99.1345324
2353155541,19.4166937,-99.134319
2353155544,19.4090165,-99.135415
2353155545,19.4167267,-99.1345435
2353159025,19.4179999,-99.1334056
2353159027,19.4190539,-99.1339576
2353159030,19.4214922,-99.1338602
2353159031,19.4178184,-99.1336203
2353159033,19.4191473,-99.1341623
2353188069,19.4241624,-99.1346371
2353188072,19.4206242,-99.1337434
2353188076,19.4207915,-99.1336338
2353188080,19.424144,-99.1344761
2353188082,19.4220996,-99.1334347
2353188083,19.4236071,-99.1329191
2353188085,19.4229138,-99.1333985
2353265989,19.4088015,-99.1354554
2434287904,19.4353854,-99.1491473
2434287905,19.4353788,-99.14889
2434287908,19.4353694,-99.1485289
2434287912,19.4350501,-99.1457583
2434287913,19.4347831,-99.144767
2434287914,19.4347936,-99.1442648
2434287917,19.4342374,-99.1408512
2434287919,19.4344267,-99.1427054
2434311925,19.4248898,-99.144805
2434311926,19.4247154,-99.1434212
2434311927,19.424609,-99.1425766
2434311929,19.4242555,-99.139772
2434311930,19.4240893,-99.1384507
2434311932,19.4241992,-99.1375941
2434311933,19.4240512,-99.1376063
2434311937,19.425109,-99.1354041
2434312624,19.4259934,-99.134229
2434312640,19.4300886,-99.1336404
2434317326,19.4266885,-99.1341286
2434317329,19.4292474,-99.1337613
2434317331,19.4309377,-99.1335186
2434317335,19.4307807,-99.1323878
2434317337,19.4299288,-99.1325142
2434317341,19.4290922,-99.1326385
2434317343,19.4282539,-99.1327657
2434317348,19.4273787,-99.1328929
2434317361,19.4265286,-99.1330189
2434317363,19.4259807,-99.1330854
2461446825,19.4273227,-99.147465
2461446826,19.4272289,-99.1460357
2461446827,19.4271017,-99.1460489
2461446828,19.4273138,-99.1473218
2461446829,19.4271194,-99.1462319
2461446830,19.4272455,-99.1462127
2461446831,19.4271855,-99.1473249
2461446832,19.4271907,-99.1474292
2549963671,19.4296564,-99.1483733
2812606360,19.4347365,-99.1401836
3179081389,19.4239859,-99.137614
3179081391,19.4240478,-99.1375784
3179081393,19.4241959,-99.1375664
3289788672,19.436856,-99.1476241
3308893234,19.4438751,-99.1505033
3308912976,19.4431446,-99.1507262
3308912977,19.4436587,-99.1492719
3309033887,19.4425394,-99.1479421
3309034509,19.4416606,-99.1482825
3309034775,19.4416389,-99.1481506
3309034776,19.4414103,-99.1467619
3309036847,19.4414797,-99.1443855
3309036849,19.4419528,-99.1458211
3383901542,19.4304187,-99.1297808
3383901549,19.431351,-99.1296502
3396214525,19.4185999,-99.1541692
3396214526,19.4197323,-99.1540827
3396214528,19.4212458,-99.1539558
3396214529,19.4225564,-99.1538712
3396214530,19.4242677,-99.153723
3396214532,19.4256929,-99.1535233
3416442889,19.4258199,-99.1535349
3416445296,19.4272015,-99.1489506
3416445299,19.4301833,-99.1483178
3416445300,19.4312696,-99.1480858
3416445301,19.4321942,-99.1479112
3416445302,19.432935,-99.1477604
3416445309,19.4371526,-99.1469606
3416445321,19.4379457,-99.1490534
3416445322,19.4399488,-99.1487504
3583525268,19.4519841,-99.1443666
3603314960,19.4313939,-99.1335244
3642877293,19.4260519,-99.153317
3658366536,19.4348737,-99.1457934
3658441638,19.4349037,-99.1449062
3714135693,19.4337585,-99.138299
3750511568,19.4333382,-99.1544012
3751088557,19.4296447,-99.1438595
3751088558,19.4295949,-99.1434465
3758772698,19.4367112,-99.1438693
3758772700,19.4362733,-99.1414412
3758772701,19.4363958,-99.1414203
3772750720,19.422933,-99.1335016
3772750734,19.4249503,-99.1331722
3772750738,19.4250253,-99.1344266
3772750739,19.4250643,-99.1343617
3772750740,19.4251013,-99.1464824
3772750744,19.4260803,-99.1342158
3772750745,19.4260805,-99.1534114
3772750746,19.4261156,-99.1342722
3772750748,19.4275248,-99.1340085
3772750750,19.4283433,-99.1338924
3772750753,19.4299783,-99.1468323
3772750754,19.4316592,-99.1385719
3772750756,19.4318525,-99.133449
3772750963,19.4341048,-99.1351039
3772750964,19.4342193,-99.136153
3772750965,19.4343556,-99.1371691
3772750969,19.4344845,-99.1381891
3772750970,19.4346203,-99.1392641
3772750973,19.4350839,-99.1465382
3772750974,19.4351581,-99.1472637
3772750975,19.4351662,-99.1473594
3772750976,19.4352311,-99.147347
3772750977,19.4352492,-99.1481536
3772750978,19.4352817,-99.1489035
3772750979,19.4355849,-99.1497888
3774495059,19.4304527,-99.1475512
3774495060,19.4301574,-99.1456114
3779578714,19.4504847,-99.1447233
3779578715,19.4503213,-99.1447602
3779583651,19.4497363,-99.1448922
3779583652,19.4501144,-99.1448069
3946493456,19.4374136,-99.1428113
3946494464,19.4365152,-99.142159
3989252458,19.4266398,-99.1509418
3989252459,19.4271319,-99.1490031
3989252460,19.4271581,-99.1488917
3989252464,19.4271843,-99.1461481
3989252465,19.4268682,-99.1429654
3993793512,19.4341568,-99.1355962
3993793514,19.4337687,-99.1351571
3993977495,19.4361107,-99.1483364
4045324791,19.4347058,-99.1399406
4070643455,19.4302804,-99.1573532
4213178137,19.436101,-99.1482799
4213178141,19.4374235,-99.1469386
4275860607,19.4199127,-99.1394836
4275860608,19.4185108,-99.1396341
4275860609,19.4199485,-99.1398938
4275860610,19.418551,-99.1400663
4312134519,19.4321485,-99.1342083
4312134532,19.4327658,-99.1340939
4312134548,19.4333533,-99.132904
4312134559,19.4334638,-99.1335347
4312134568,19.4336484,-99.1338745
4312134569,19.433708,-99.133916
4312134571,19.4339649,-99.134021
4312168553,19.4318898,-99.1324145
4364089067,19.431972,-99.1341103
4364089068,19.432037,-99.1335359
4364089069,19.4320661,-99.1337535
4364089072,19.4326038,-99.1323205
4476087980,19.43505,-99.1333576
4476087981,19.4359198,-99.1332164
4480705451,19.4276764,-99.1418555
4511087435,19.4294119,-99.1325443
4521825353,19.435524,-99.1542575
4521825356,19.43672,-99.1542104
4521825357,19.4373617,-99.1538041
4521825359,19.4379168,-99.1536051
4521825363,19.4388976,-99.1532567
4523950582,19.4164096,-99.1479487
4523950584,19.4172599,-99.1478053
4523950591,19.4179124,-99.1338975
4523950594,19.4179606,-99.1345536
4523950598,19.418098,-99.1359513
4523950599,19.4181178,-99.1394607
4523950600,19.4182146,-99.1359722
4523950604,19.4184911,-99.1394217
4523950616,19.4199088,-99.1394391
4523950617,19.4199706,-99.1401459
4523950618,19.4203462,-99.1393555
4523950620,19.4205027,-99.1338662
4523950624,19.4206384,-99.1479097
4523950625,19.4206474,-99.1478249
4523950626,19.4206693,-99.147785
4523950627,19.4207393,-99.1477519
4523950628,19.4207792,-99.1477577
4523950630,19.4208946,-99.1478232
4523950632,19.4211374,-99.1392412
4523950641,19.4221862,-99.1336532
4523950642,19.4218992,-99.1469927
4523950643,19.4218738,-99.1337926
4523950644,19.4220146,-99.133604
4523950646,19.4222596,-99.1400439
4523950649,19.4222826,-99.1510674
4523950650,19.4223074,-99.1389334
4523950651,19.4223296,-99.1384189
4523950652,19.4222992,-99.1431075
4523950654,19.422356,-99.1378073
4523950661,19.4227986,-99.1510104
4523950667,19.423137,-99.1350437
4523950670,19.4234708,-99.1364203
4523950672,19.4235464,-99.1332152
4523950673,19.4235686,-99.1349867
4523950675,19.4236277,-99.1467775
4523950677,19.4236128,-99.1467032
4523950679,19.4237087,-99.1326679
4523950687,19.4239018,-99.1338544
4523950694,19.4239098,-99.1342235
4523950695,19.4238994,-99.1348498
4523950704,19.424055,-99.1529019
4523950709,19.4240864,-99.1528861
4523950712,19.4241375,-99.1528173
4523950713,19.424152,-99.1526974
4523950719,19.4241971,-99.1528179
4523950721,19.4242289,-99.1530188
4523950726,19.4242564,-99.1528719
4523950727,19.4242541,-99.1529639
4523950730,19.4243317,-99.1528958
4523950741,19.4256084,-99.1493554
4523950742,19.4256374,-99.1511452
4523950748,19.4263002,-99.1473383
4523950749,19.4265251,-99.1509676
4523950751,19.426531,-99.1473175
4523950755,19.4265991,-99.1473174
4523950757,19.4266922,-99.147322
4523950761,19.426804,-99.1473515
4523950764,19.4269216,-99.1473954
4523950766,19.4270489,-99.1490921
4523950767,19.4270318,-99.1474186
4523950771,19.4272172,-99.1483159
4523950772,19.4272265,-99.1481897
4539200970,19.4209105,-99.1329261
4539200971,19.4209882,-99.1328892
4539200972,19.4210739,-99.1328634
4539201289,19.4318954,-99.1335098
4539201294,19.4179369,-99.1327027
4576971707,19.4335921,-99.1340567
4596641188,19.4334908,-99.1310641
4687361076,19.4357138,-99.1317613
4712005821,19.4262565,-99.1298616
4751408729,19.4351599,-99.1465239
4751408730,19.4354776,-99.1461968
4751418016,19.439926,-99.1430549
4751418017,19.4399115,-99.1432006
4751418018,19.4399223,-99.1433197
4751434040,19.4398323,-99.1409142
4751434041,19.4403421,-99.1425672
4788979474,19.418877,-99.1360047
4789068294,19.430332,-99.1467578
4805302039,19.4269425,-99.1421616
5002054434,19.430381,-99.1419362
5002054435,19.4301282,-99.1401312
5002054436,19.4296251,-99.1364928
5002054438,19.4313032,-99.148304
5008602393,19.4237533,-99.1317483
5008602394,19.4237828,-99.1324971
5008602395,19.4236242,-99.1326157
5008602420,19.4195204,-99.1338898
5008602821,19.4197215,-99.1338605
5008602822,19.4177848,-99.1323946
5008602865,19.4205373,-99.1323804
5008602866,19.4208411,-99.132969
5008602874,19.4203619,-99.1324231
5008602875,19.4204484,-99.1324003
5008602905,19.4229287,-99.1342853
5065075403,19.4322242,-99.1340803
5065075404,19.4321776,-99.1340554
5065075407,19.4321208,-99.1339835
5065075408,19.4320834,-99.133871
5065075410,19.433153,-99.1340433
5065075411,19.433278,-99.1339381
5065075412,19.4333543,-99.1338392
5065079149,19.4349534,-99.1338698
5065079150,19.4333199,-99.1340896
5065079151,19.4319221,-99.1326849
5065079153,19.4319992,-99.1323989
5065079154,19.4330683,-99.1322569
5065079155,19.4331905,-99.1323006
5065079156,19.433283,-99.1324419
5065079160,19.4333819,-99.1322486
5065079165,19.4333711,-99.133777
5065079170,19.4319015,-99.132551
5076454330,19.4273411,-99.1493418
5117221240,19.4228358,-99.1295552
5117564669,19.4238179,-99.1384928
5117968091,19.4403899,-99.1461549
5118469102,19.420007,-99.1324539
5119239062,19.4391034,-99.1421627
5119624017,19.4320473,-99.1469545
5119625323,19.4320399,-99.1468963
5156603266,19.4233779,-99.1334059
5161033096,19.4356295,-99.1531011
5161033097,19.4355476,-99.153148
5161033098,19.4357952,-99.1530404
5161033099,19.4359238,-99.1530097
5161033100,19.4354185,-99.1532819
5161033102,19.4354424,-99.153242
5161034511,19.4361932,-99.1529902
5161559862,19.4275374,-99.1489403
5161674754,19.4329207,-99.1476614
5161674755,19.4321791,-99.1478093
5220192496,19.4195957,-99.1324779
5240475464,19.4347343,-99.1439195
5240475465,19.4346701,-99.1435461
5240475466,19.4346154,-99.1432275
5240475467,19.4345432,-99.1428074
5240475468,19.4345027,-99.142559
5240475469,19.4344628,-99.1423023
5240475470,19.4348305,-99.1444799
5240475471,19.434947,-99.1451581
5288011769,19.4375119,-99.1461712
5288011770,19.4376057,-99.1463564
5288011771,19.4376629,-99.1464965
5288011772,19.4377175,-99.1465973
5288013900,19.4375952,-99.1472337
5288014961,19.4374231,-99.1472627
5288014964,19.4370306,-99.1475181
5288019701,19.4369561,-99.1474695
5288019702,19.4368644,-99.147403
5288019703,19.436779,-99.1472545
5288025662,19.4373808,-99.1461726
5288025663,19.4372306,-99.1463299
5288026487,19.4377689,-99.1458917
5288048139,19.4355182,-99.1497565
5288048140,19.435485,-99.1497261
5288048141,19.4354098,-99.1495484
5288048507,19.4357945,-99.1497486
5288050187,19.4353982,-99.1492664
5288054867,19.4283481,-99.1339527
5288056330,19.4264847,-99.1329768
5482993939,19.4098616,-99.1353713
5500839799,19.446427,-99.1486263
5546724815,19.4432324,-99.1307829
5557261732,19.433227,-99.1436452
5557261733,19.4331984,-99.1434582
5788585054,19.4272612,-99.1487325
5830989440,19.4314987,-99.1529346
5830989441,19.4328513,-99.1523783
5832103143,19.4352223,-99.1472518
5832116065,19.435226,-99.1472907
5832142998,19.4404346,-99.1425432
5832142999,19.4407176,-99.142563
5832143000,19.440552,-99.1438592
5832143001,19.4403421,-99.1438267
5832153984,19.4363774,-99.1478988
5832154085,19.4363263,-99.1479048
5832201339,19.433036,-99.1545014
5832201341,19.4364262,-99.1530609
5832603073,19.4369449,-99.1477547
5838396929,19.4204916,-99.1456049
5838396930,19.4217473,-99.1453697
5838396931,19.4249441,-99.1447959
5838396932,19.4250886,-99.1447649
5839130708,19.4260805,-99.1526743
5839130709,19.4259727,-99.152711
5839130710,19.4259246,-99.1527056
5839130711,19.4258765,-99.1526734
5839130712,19.4258361,-99.1526171
5839130713,19.4258094,-99.1525228
5840582514,19.4193468,-99.1434094
5840582515,19.4192011,-99.1417151
5841903483,19.4306293,-99.1437055
5842011295,19.4369183,-99.1470262
5842646035,19.4372332,-99.1420073
5842646036,19.4406958,-99.1418308
5866967866,19.4369941,-99.1458909
5868903526,19.4308223,-99.1326666
5868956642,19.4348795,-99.1321798
5868956647,19.4350672,-99.1334767
5883140842,19.4353218,-99.1533039
5883140844,19.4353708,-99.1532192
5883140848,19.4359196,-99.1529778
5883140854,19.4365665,-99.1531424
5886004321,19.4398074,-99.1433376
5886004322,19.4397891,-99.143219
5886004326,19.4401924,-99.1425097
5886011107,19.4394092,-99.1448079
5886011108,19.4393538,-99.1448808
5886011116,19.4383028,-99.1459184
5886011117,19.4386236,-99.1456012
5886011121,19.4375282,-99.1468836
5886011122,19.4373953,-99.1462391
5891410077,19.4267503,-99.1279807
5902621613,19.4178044,-99.1334335
5912724332,19.4285031,-99.1487312
5912724334,19.4288004,-99.1504996
6111905350,19.4334743,-99.1309171
6133345213,19.433165,-99.1432419
6133700799,19.4079913,-99.1395048
6136068067,19.4159726,-99.1346612
6136068070,19.4253913,-99.1381321
6136068071,19.4209499,-99.1311301
6136068074,19.4212852,-99.1311273
6136068075,19.4250167,-99.1338171
6136068077,19.4202894,-99.1311382
6136068079,19.4246453,-99.1338566
6136068081,19.4248355,-99.1315611
6136068082,19.4209,-99.1306365
6136068083,19.4222578,-99.1328474
6136068084,19.4246684,-99.1381544
6136121776,19.4196751,-99.1522587
6136121777,19.4197481,-99.15325
6145983453,19.4508929,-99.1438062
6146444854,19.43615,-99.1407069
6146444855,19.4389862,-99.146763
6146444856,19.4389086,-99.1464833
6146444858,19.4411185,-99.1498694
6146461670,19.4363484,-99.1405375
6148129474,19.4281499,-99.1317761
6148129476,19.4280789,-99.1311076
6148129477,19.4346517,-99.1350337
6148129478,19.4289532,-99.1316771
6148129479,19.4276244,-99.1311691
6148209261,19.4329156,-99.1476238
6148209262,19.4329078,-99.1475688
6148209263,19.4329492,-99.1478606
6148209264,19.4313534,-99.1481155
6148209266,19.4313358,-99.1480142
6148209269,19.4322084,-99.1480079
6148209273,19.4275141,-99.1488013
6148209274,19.4294093,-99.1485289
6148209275,19.4266901,-99.1471695
6148209277,19.426584,-99.1506601
6148209278,19.4256832,-99.1505181
6148209279,19.4271756,-99.1471242
6148209280,19.4264234,-99.150638
6148209281,19.4298047,-99.1452022
6148385717,19.4307376,-99.1556682
6180198340,19.4372494,-99.1464206
6180221200,19.4373878,-99.1470835
6182120224,19.4369365,-99.1476596
6182120225,19.4362446,-99.1487794
6215293306,19.4241203,-99.1355553
6215294929,19.4247178,-99.1344306
6361012564,19.4401321,-99.1496237
6361012566,19.442465,-99.1457039
6399140435,19.4331541,-99.143171
6426919642,19.4367528,-99.1440761
6426919643,19.4365728,-99.1424731
6426919644,19.4368336,-99.1438418
6426919645,19.4368542,-99.1439301
6428606321,19.4337136,-99.1531858
6428606322,19.4352344,-99.1498162
6428606323,19.4354015,-99.1494006
6428606327,19.4374372,-99.1464011
6428606328,19.4372852,-99.1465952
6428606330,19.4400132,-99.1435593
6428606734,19.4402237,-99.1437706
6428606744,19.4390798,-99.1448979
6428606749,19.4353249,-99.1501762
6428606750,19.4338134,-99.1534256
6859659382,19.4380342,-99.1505252
6859659383,19.4381762,-99.1511823
6859659384,19.4384202,-99.1522951
6859684785,19.4388379,-99.1504145
6957010139,19.4356948,-99.1492911
6957010140,19.4355959,-99.1491105
6957010141,19.4355771,-99.1490688
6957010142,19.4355289,-99.1489694
6957010143,19.4354903,-99.1488728
6957010144,19.4354511,-99.1487562
6957010145,19.4361474,-99.1495635
6957010146,19.4361018,-99.1495608
6957010147,19.4359696,-99.1495394
6957010148,19.435866,-99.1494958
6975523296,19.4338446,-99.1476078
6975523297,19.4338373,-99.1475698
6979170956,19.4320694,-99.1567954
7196387357,19.4242047,-99.1376398
7196387358,19.4240573,-99.1376557
7196387360,19.4319014,-99.1335553
7196387362,19.4260029,-99.1330302
7196387367,19.427209,-99.1489233
7196510399,19.4355542,-99.1490237
7196556412,19.4269403,-99.1420692
7222229195,19.4332521,-99.1499963
7228680370,19.4271033,-99.1419639
7238081971,19.4262243,-99.1463037
7238103985,19.4258071,-99.1446093
7873370161,19.4273247,-99.1491054
7873371428,19.425826,-99.1532026
7873521995,19.4303553,-99.1494838
7873571343,19.4309077,-99.1514917
7876033899,19.4399673,-99.1420017
7876033900,19.4401378,-99.1419487
7876317331,19.4352326,-99.1503296
7876317333,19.4353803,-99.1505009
7876317334,19.4354536,-99.1505156
7876317335,19.435484,-99.1505317
7876317336,19.4355356,-99.1505861
7876317337,19.4355689,-99.1506447
7876317338,19.4356244,-99.1502032
7876317339,19.4356168,-99.150344
7876317344,19.4359987,-99.1495474
7876317345,19.4360278,-99.1495534
7876317346,19.4360613,-99.1495581
7876317353,19.4354257,-99.1496315
7876317354,19.4354486,-99.1496855
7876317357,19.4373629,-99.1469667
7876317358,19.4375087,-99.1467781
7876317364,19.4358285,-99.1494694
7876317365,19.435647,-99.1497862
7888515813,19.4044884,-99.1362591
7894095689,19.43552,-99.1542316
7897414723,19.4338882,-99.1534302
7906881546,19.437719,-99.1486833
7906881547,19.437051,-99.1483976
7906881548,19.437638,-99.1482892
7906881549,19.4378679,-99.1491317
7906881552,19.438166,-99.1505037
7906881555,19.4379577,-99.1497894
7906893021,19.4378972,-99.1535364
7914371496,19.4306035,-99.1585683
7914371497,19.4305643,-99.1584791
7955930767,19.4260182,-99.1534398
7955934521,19.4449991,-99.1451363
7955934522,19.4451282,-99.1459171
7955934525,19.4272784,-99.148987
7960826717,19.4400348,-99.1491187
7964725258,19.4222146,-99.1429361
7964878346,19.4318118,-99.1512364
7964878347,19.4316032,-99.1499379
7964878348,19.4313114,-99.1481244
7964878350,19.4312965,-99.1480225
7964878351,19.4310885,-99.1465977
7964878352,19.4309241,-99.1454715
7964878353,19.4306746,-99.1437991
7964878354,19.4305953,-99.1432674
7964878355,19.4305178,-99.1427477
7964878356,19.4304751,-99.1424613
7966610559,19.4392973,-99.1400725
7966610560,19.4365017,-99.1405109
7966702822,19.4258272,-99.1314014
7966702823,19.4258276,-99.1313326
7966702824,19.4258478,-99.1311925
7966702825,19.4258682,-99.1311227
7966702826,19.4258342,-99.1312641
7966702827,19.4262254,-99.1304316
7966702828,19.4262522,-99.1303245
7966702829,19.4262746,-99.130123
7966702830,19.4262749,-99.1300399
7966702831,19.4262661,-99.1299403
7966702832,19.4262656,-99.1302117
7966732138,19.4259589,-99.1328526
7966732141,19.4261921,-99.1305132
7966732143,19.4260728,-99.1308544
7966732144,19.4262117,-99.1308755
7966732146,19.4261415,-99.1308685
7966732147,19.4262488,-99.1297985
7966732148,19.4257368,-99.1313229
7966732149,19.4257651,-99.1311622
7966732150,19.4257902,-99.1310836
7966732151,19.4257456,-99.1312426
7966732152,19.4257463,-99.1314854
7966732153,19.4260985,-99.1305251
7966732154,19.4261535,-99.1303944
7966732155,19.4261805,-99.1302972
7966732156,19.4262021,-99.1301152
7966732157,19.4261985,-99.1300171
7966732158,19.4261276,-99.1304621
7966732159,19.4261959,-99.1302019
7966845865,19.4257897,-99.1373972
7966845866,19.4267241,-99.1372558
7966845867,19.4299165,-99.1337337
7966845868,19.428096,-99.1339916
7966845869,19.4272829,-99.1341069
7966845870,19.4263706,-99.1342361
7982089633,19.432192,-99.1364508
7982089634,19.4322423,-99.1364424
7982089635,19.4322758,-99.136421
7982089636,19.4322391,-99.1364133
7982089637,19.4321866,-99.1364223
7982089638,19.4321585,-99.1364421
7982089639,19.4322184,-99.1364167
7986131952,19.4261866,-99.1292429
7986131953,19.4260904,-99.1290502
7988408954,19.4333637,-99.1336341
8000764691,19.4518627,-99.143598
8000764692,19.452086,-99.1443482
8000978328,19.4378625,-99.1481506
8011190125,19.4368957,-99.1470673
8011190127,19.4371326,-99.1469917
8011190129,19.4373158,-99.1469447
8011190130,19.4373577,-99.1469468
8011190132,19.4374051,-99.1469663
8011269922,19.4387631,-99.1533064
8011321003,19.4367931,-99.1442682
8011321005,19.4366447,-99.1428775
8011321006,19.4365365,-99.1429008
8013580487,19.4315526,-99.1480731
8026253475,19.4256281,-99.1553796
8066763589,19.4158665,-99.1527759
8066957474,19.4205197,-99.1469443
8066957475,19.4204968,-99.1469566
8066957476,19.4204479,-99.1469655
8066957477,19.4204239,-99.1469624
8066957478,19.4204721,-99.1469637
8066957479,19.4205701,-99.1469033
8066957480,19.4204008,-99.1469544
8066970212,19.4236558,-99.1444971
8067008427,19.4242817,-99.152929
8067008428,19.424177,-99.1527684
8067008429,19.4242908,-99.1528857
8067008430,19.4242191,-99.1528465
8067008431,19.4241049,-99.1528713
8067008432,19.4240063,-99.1529139
8067008433,19.424147,-99.1527845
8067008434,19.4241201,-99.1528515
8067023710,19.423598,-99.152951
8067023713,19.4237358,-99.1525656
8067023714,19.4208218,-99.1477758
8067023715,19.4207042,-99.1477597
8075258606,19.4202719,-99.1486503
8075258607,19.4241151,-99.1518286
8075652027,19.413846,-99.1388135
8075652031,19.4203921,-99.1403115
8075831092,19.4216246,-99.1371016
8075882163,19.4180191,-99.1357783
8075891607,19.4223915,-99.135967
8075966809,19.4244537,-99.1427989
8075966810,19.4244399,-99.1427299
8075966811,19.424453,-99.1427735
8076030552,19.4253245,-99.1476808
8076030553,19.425966,-99.1491518
8076030554,19.4254699,-99.1496188
8076030555,19.4241141,-99.1531241
8076030556,19.4241748,-99.153226
8076030557,19.4258272,-99.1533326
8076035096,19.426659,-99.150668
8076035097,19.42579,-99.150531
8078510896,19.421922,-99.1357565
8078510897,19.4225868,-99.1359457
8078510898,19.4228885,-99.1356847
8078510899,19.4239685,-99.1369934
8078564644,19.4234753,-99.1298972
8078637712,19.4236786,-99.1341546
8078707596,19.4269168,-99.1424784
8078707597,19.4267214,-99.1425086
8078707598,19.4266215,-99.1422618
8078707599,19.4269029,-99.1418213
8078707600,19.4265557,-99.1419379
8078707601,19.426808,-99.1415356
8078707602,19.4267271,-99.1413693
8078707603,19.4265614,-99.1416161
8078707604,19.4266234,-99.1413734
8078739973,19.4273323,-99.1476273
8078739974,19.4272652,-99.1475334
8078745536,19.4270477,-99.147136
8078757056,19.4270746,-99.1444601
8078757058,19.4269476,-99.1444744
8078757060,19.427057,-99.1442812
8078757062,19.426931,-99.1443034
8078863117,19.4260036,-99.1527057
8078863118,19.4261191,-99.1526537
8078863120,19.4260604,-99.1526852
8078863121,19.4261123,-99.1524841
8078863122,19.426338,-99.1516102
8078863123,19.4265026,-99.1509728
8078863124,19.4269857,-99.1491428
8079118964,19.4230195,-99.1335835
8079118966,19.4226476,-99.1336399
8079118968,19.4221184,-99.1337192
8079161227,19.4205418,-99.1338903
8079161228,19.4206127,-99.1339638
8079161229,19.4168003,-99.134532
8079161231,19.4180862,-99.1343857
8079161233,19.418117,-99.1343258
8079266049,19.4076281,-99.1357542
8079308106,19.4180528,-99.1340507
8079308110,19.4165944,-99.1343338
8079308116,19.4128203,-99.1349338
8079314719,19.4061553,-99.135988
8079385908,19.4178811,-99.1325645
8079385909,19.4178072,-99.1319177
8081674785,19.418769,-99.1442002
8081674786,19.4188064,-99.1442024
8081674787,19.4188374,-99.1442017
8081674788,19.4188665,-99.1441937
8081674789,19.4188955,-99.1441722
8081674790,19.4189189,-99.1441427
8081699624,19.4243715,-99.140228
8082013882,19.4250807,-99.1493454
8082013883,19.4254466,-99.1493253
8082047844,19.4236375,-99.1336103
8082047845,19.423673,-99.1341027
8082047846,19.4235175,-99.1335049
8082111390,19.4204333,-99.1339502
8082348368,19.4236774,-99.1452168
8082348370,19.4231107,-99.1468618
8082348371,19.4230982,-99.1467825
8082670971,19.420958,-99.1374395
8088598496,19.4213844,-99.132907
8098095341,19.420316,-99.1329408
8098095342,19.420366,-99.1329676
8098095343,19.4206458,-99.1329816
8098095344,19.4206699,-99.133042
8098095345,19.418108,-99.1325511
8098095346,19.4181392,-99.1325182
8098095347,19.4181706,-99.1323528
8098095348,19.4181564,-99.1323849
8098095349,19.4252429,-99.1405847
8098095350,19.4252347,-99.140621
8098095351,19.4253327,-99.1416328
8098095352,19.4253371,-99.1416
8192898884,19.4408064,-99.1425996
8212437820,19.4262161,-99.1357823
8213514609,19.4210228,-99.1480497
8213514613,19.4209299,-99.1478856
8213741448,19.4194432,-99.1493274
8213741450,19.4194766,-99.1495924
8213741456,19.4193633,-99.1493427
8213741461,19.4193896,-99.1496267
8227299307,19.4247366,-99.1494179
8227299310,19.4240499,-99.1506663
8227345217,19.4305177,-99.153338
8227345227,19.4317324,-99.1535652
8227345229,19.4234269,-99.1496876
8227345231,19.4231364,-99.1515322
8227345233,19.4224773,-99.1517775
8230108793,19.4277018,-99.1489101
8230447251,19.4241678,-99.1385621
8230447257,19.4235309,-99.139876
8230447263,19.4223744,-99.1403706
8230447274,19.4232537,-99.1399158
8230513771,19.4052751,-99.1361299
8230513777,19.4053372,-99.1361199
8230969934,19.4282227,-99.1442927
8230969948,19.426602,-99.1410135
8231138668,19.417373,-99.1506598
8231138669,19.4221761,-99.1499854
8231138670,19.4222106,-99.1499777
8231138672,19.4239776,-99.1495972
8231138674,19.4208378,-99.1502377
8231138676,19.418318,-99.1505858
8231138677,19.419463,-99.1504402
8231142769,19.4237348,-99.1466844
8231142770,19.4238305,-99.1466973
8231268918,19.4264476,-99.1506434
8233452477,19.4211506,-99.1393767
8233452478,19.4211869,-99.1397504
8233452494,19.4216587,-99.1401262
8236919081,19.4178135,-99.1335541
8236919096,19.4221466,-99.1312493
8236919099,19.4212502,-99.1299873
8236919102,19.4212569,-99.1302046
8236919111,19.4224865,-99.1311995
8237007487,19.4212137,-99.133907
8237007494,19.4224212,-99.1345473
8237007497,19.4140228,-99.134743
8237007500,19.4138303,-99.1347735
8239969080,19.4197095,-99.1316164
8239969084,19.4199529,-99.1315788
8239969088,19.4177492,-99.1324625
8246753521,19.4415689,-99.1512241
8246902471,19.4429739,-99.1507765
8251035515,19.445267,-99.1458894
8251050482,19.4357697,-99.1317059
8251316603,19.4273003,-99.1351412
8251316604,19.4272918,-99.1350743
8251316605,19.4274037,-99.1359566
8251334299,19.4369749,-99.1407013
8251334301,19.4383347,-99.1381311
8251334303,19.437507,-99.1383481
8251381580,19.425222,-99.1363547
8251381586,19.4245833,-99.1354845
8253675070,19.4245491,-99.1308755
8253675079,19.4285761,-99.1362485
8253675082,19.4241614,-99.130933
8253675086,19.4233257,-99.1298575
8254371922,19.4385832,-99.1397221
8254371927,19.4386311,-99.1456731
8254450625,19.4385966,-99.1455828
8254450628,19.4345367,-99.1458647
8254499019,19.4370346,-99.1458827
8254592583,19.437844,-99.1406949
8254592585,19.4388396,-99.1414858
8254826627,19.4250783,-99.1307953
8254862822,19.4235965,-99.1326937
8254862823,19.4235649,-99.1327209
8254862824,19.4234915,-99.132805
8254862825,19.4235196,-99.1327487
8254862826,19.4234802,-99.1328808
8254862829,19.4262491,-99.136156
8256677652,19.4318867,-99.1334432
8256792047,19.4387713,-99.1354389
8256826596,19.4377957,-99.134346
8256909544,19.4395651,-99.1363178
8256909548,19.4371619,-99.1361578
8269804084,19.4374925,-99.1237876
8272942874,19.4318739,-99.123937
8337599267,19.4403589,-99.1469827
8337599273,19.4407022,-99.1484554
8337599275,19.4398256,-99.1478304
8337599278,19.4400601,-99.1492584
8337599280,19.4405877,-99.1486291
8337599283,19.4402455,-99.1487292
8337735222,19.4336709,-99.1504867
8337735226,19.4328888,-99.1526328
8337735227,19.4325276,-99.1501783
8337735230,19.4322501,-99.1510599
8337735233,19.4322626,-99.148376
8337972063,19.4353391,-99.1532243
8340782965,19.4383799,-99.1510667
8340806289,19.4358512,-99.152456
8341023911,19.4346518,-99.1482898
8345342882,19.4278869,-99.1465319
8345342883,19.4277816,-99.1460399
8345342895,19.4302502,-99.146221
8345342900,19.426336,-99.1462857
8345342906,19.4312014,-99.1454213
8345420113,19.4271159,-99.1393147
8345420115,19.4272467,-99.1397316
8345461130,19.4242755,-99.1382232
8347627793,19.4323979,-99.1463201
8347635352,19.4325856,-99.1477484
8347656226,19.4403255,-99.1516319
8347656234,19.4401215,-99.1517014
8348214215,19.4247095,-99.1381688
8348214216,19.4246861,-99.1381664
8348232924,19.4264928,-99.1388831
8359635027,19.4334404,-99.1476867
8389303912,19.4253396,-99.1465955
8389303913,19.425195,-99.1466255
8389303914,19.4249678,-99.1465064
8390670386,19.4254877,-99.1464226
8390670387,19.4252998,-99.146293
8394801746,19.4255761,-99.1514679
8397941078,19.4157541,-99.1527904
8397941079,19.4159703,-99.1527602
8397961349,19.4151111,-99.1410853
8397961351,19.4149789,-99.1411041
8397963087,19.4249544,-99.1436925
8397966649,19.4249831,-99.1450892
8397989229,19.4156079,-99.1496382
8397994576,19.4259774,-99.1340563
8398005927,19.4262439,-99.1370141
8398057712,19.4202803,-99.1430826
8398057713,19.4198883,-99.143354
8398083942,19.4188807,-99.1437012
8398086439,19.4193198,-99.1430951
8398148945,19.4188447,-99.1432811
8398148947,19.4187615,-99.1434692
8398148949,19.4181879,-99.1432883
8398148950,19.4182876,-99.1431904
8398148951,19.418411,-99.1436542
8398148953,19.4181528,-99.1435315
8398178874,19.4203202,-99.1434833
8398178876,19.4202123,-99.1433209
8398190840,19.4342592,-99.1409916
8398190841,19.4340756,-99.1408797
8398275893,19.4347297,-99.1407781
8398275894,19.4348721,-99.1407579
8398275895,19.4347901,-99.1406075
8398275897,19.434649,-99.1407901
8398305978,19.4369284,-99.1404367
8508638910,19.4332328,-99.1340833
8508638911,19.4334406,-99.1333839
8508638912,19.4333288,-99.1332583
8508638913,19.4333412,-99.1334567
8508690236,19.4350515,-99.1338739
8508690237,19.4334851,-99.1336238
8508690238,19.4332228,-99.1323489
8508699938,19.440855,-99.1353384
8508699939,19.4409215,-99.1353544
8511534246,19.4395927,-99.1356163
8511612229,19.4332491,-99.1290307
8511622663,19.430649,-99.1585878
8511654559,19.4318679,-99.1239077
8512180606,19.4356793,-99.1553772
8512180607,19.435398,-99.1534315
8512180608,19.4364861,-99.1531026
8512180609,19.4365674,-99.153241
8512180610,19.4357032,-99.1554666
8512180613,19.4319603,-99.1543245
8512180614,19.4319635,-99.1545239
8512180616,19.4333529,-99.1543178
8512195819,19.4328829,-99.154943
8512195820,19.432867,-99.1550477
8512195821,19.4332079,-99.1541235
8512195823,19.4352323,-99.1500666
8512195846,19.4331184,-99.1544194
8512195847,19.4329737,-99.1545983
8512195848,19.4329195,-99.1547233
8512199346,19.4352703,-99.1499564
8512238378,19.4342214,-99.1418124
8512238379,19.4343178,-99.1418124
8512238380,19.4343552,-99.1418285
8512308758,19.4398749,-99.1416094
8512308759,19.4399129,-99.1418266
8512366610,19.4408795,-99.1437505
8512366611,19.4360939,-99.1487719
8512366612,19.4358834,-99.1491844
8512366613,19.4363124,-99.1484489
8512366615,19.4397975,-99.1439463
8512366616,19.439679,-99.1440932
8512371617,19.4399982,-99.1438761
8512371618,19.4398758,-99.1440123
8512371619,19.4400986,-99.1435078
8512371623,19.4402753,-99.1432119
8512371624,19.4401548,-99.1434056
8512371625,19.4401045,-99.1436758
8512371626,19.4405001,-99.14295
8512371628,19.4406206,-99.1428606
8512371629,19.4406246,-99.1425411
8512371632,19.4408835,-99.1430181
8512371633,19.4407852,-99.143165
8512371634,19.4406748,-99.1433077
8512371635,19.4403415,-99.1435972
8512371642,19.43995,-99.1434261
8512371643,19.4401385,-99.142686
8515327459,19.4334522,-99.1334593
8515368232,19.4331541,-99.1322815
8515368238,19.4319717,-99.1342594
8521895042,19.4355367,-99.1493366
8521895043,19.4354738,-99.1494354
8521992071,19.4388746,-99.1482116
8521992072,19.4388366,-99.1482961
8534238745,19.4310885,-99.1516914
8534238746,19.4310813,-99.1517354
8534238747,19.4309843,-99.1517324
8534238748,19.4310318,-99.1517551
8534238761,19.4257014,-99.1553718
8534238762,19.4256647,-99.1553812
8534238763,19.4309787,-99.1514014
8534238764,19.4310727,-99.1515078
8534238765,19.4310919,-99.1515653
8534238766,19.4308289,-99.1512088
8534238767,19.4309102,-99.1513473
8534238768,19.4310568,-99.1516751
8534238769,19.4309994,-99.151703
8534238770,19.4309708,-99.1514673
8534238771,19.4308656,-99.151518
8534312985,19.4304653,-99.1475119
8534312987,19.4304205,-99.1475806
8534314339,19.4282439,-99.1444743
8534409912,19.4176813,-99.1448227
8534409913,19.4176181,-99.1449299
8534455314,19.4253004,-99.1405378
8539601329,19.4241623,-99.1366826
8539601330,19.428519,-99.1322515
8539601331,19.4285733,-99.1321787
8539601332,19.4285438,-99.1321915
8551065157,19.4236233,-99.132573
8551065158,19.4235626,-99.1318958
8551065159,19.4206267,-99.1323695
8551065160,19.4227167,-99.1332714
8551065161,19.4226456,-99.1333563
8551065162,19.4227068,-99.1333107
8551065163,19.4207245,-99.133662
8551065164,19.4200314,-99.1338757
8551065165,19.4180481,-99.1358614
8551065166,19.4182201,-99.1358909
8551065167,19.4179182,-99.1326293
8551065168,19.4225842,-99.1358651
8551065169,19.4234804,-99.1365735
8551255559,19.4182416,-99.1323262
8551255560,19.418148,-99.1324765
8551810250,19.4273631,-99.1483304
8551810251,19.4273717,-99.1482
8551810252,19.4270411,-99.1491467
8551810253,19.4270318,-99.149212
8551810254,19.4258849,-99.153539
8551810255,19.4258628,-99.1536008
8586141363,19.427401,-99.1350564
8586141364,19.4232807,-99.1295003
8586954474,19.4272703,-99.1489071
8586954475,19.4272482,-99.14889
8586954476,19.4272819,-99.1489268
8586954477,19.4273137,-99.1490306
8609896031,19.421705,-99.1338225
8621575166,19.4318395,-99.1456062
8621575167,19.4399457,-99.1441266
8631710265,19.4254033,-99.1487496
8642362700,19.4240101,-99.1500771
8666667855,19.4312142,-99.1476967
8676945993,19.4332569,-99.1289506
8704838479,19.4218878,-99.1431496
8704838482,19.422155,-99.1434454
8710940331,19.4250718,-99.1446305
8718850337,19.4386151,-99.1399407
8718850338,19.438283,-99.1402268
8744069619,19.4320496,-99.1350075
8744081202,19.4258328,-99.1324979
8744081209,19.4258816,-99.1330015
8744170927,19.4341374,-99.1408688
8744216710,19.4347305,-99.1447774
8744216711,19.4352097,-99.1462474
8744218336,19.4367105,-99.1541489
8744218337,19.4355389,-99.1543598
8744235453,19.4351184,-99.1500585
8744235455,19.4353978,-99.1500743
8796680910,19.4376831,-99.1334849
8796680911,19.4376274,-99.1335453
8796680915,19.4377513,-99.1335279
8796699317,19.4377023,-99.1336297
8836458414,19.4351891,-99.1277863
8836474717,19.435218,-99.1280002
8859995497,19.4237144,-99.131889
9044157573,19.4366166,-99.1427192
9191782918,19.4356399,-99.1507726
9191782919,19.4355947,-99.1507098
9344963206,19.4261664,-99.1296827
9344974620,19.4257886,-99.1307518
9389623659,19.4361184,-99.1460675
9392695024,19.4255385,-99.1330909
9421108873,19.433489,-99.1340692
9512342677,19.437885,-99.1487376
9723597379,19.429735,-99.1522
9723597383,19.4451643,-99.1459099
9723597384,19.4327606,-99.1508544
9723597386,19.4298122,-99.1520656
9723597389,19.4403828,-99.1438368
9723597393,19.4448703,-99.1451647
9723597397,19.4327012,-99.1508782
9723597398,19.4326204,-99.1508088
9724904776,19.4244744,-99.1398597
9724904786,19.4245464,-99.1397212
9724904789,19.4244807,-99.1399093
9724904795,19.4243324,-99.1399113
9724904797,19.4243256,-99.1398558
9724904800,19.424777,-99.1435426
9921735310,19.4338363,-99.1532864
9921735312,19.4336617,-99.1536512
9921774929,19.4336342,-99.1534698
9941493383,19.4360839,-99.1529918
9941493385,19.4357684,-99.1530502
9964652822,19.4333302,-99.1331001
9964652857,19.4335155,-99.1337277
10029746677,19.4397813,-99.1399948
10029746680,19.4396694,-99.1398736
10029746683,19.4396454,-99.1400167
10029746686,19.4397805,-99.1401458
10029783810,19.439821,-99.14371
10029783812,19.4399099,-99.1437928
10029783814,19.4400882,-99.1439624
10029799432,19.4402765,-99.1436499
10029799434,19.4401133,-99.1434811
10029799439,19.4397749,-99.1433451
10029799440,19.4397512,-99.1432276
10029799446,19.4401691,-99.142457
10029799454,19.4407929,-99.1427316
10029799456,19.440953,-99.1429073
10036744292,19.4387098,-99.1521419
10036788852,19.4387395,-99.1532164
10036788854,19.4388774,-99.1531646
10036810541,19.4383546,-99.1504688
10036810543,19.4382386,-99.1504179
10036810545,19.4381034,-99.1504397
10036810547,19.4381394,-99.1506042
10036810549,19.4382729,-99.1505762
10037136273,19.4385171,-99.1523267
10037136277,19.4386151,-99.15207
10155769346,19.4274446,-99.1416555
10155974408,19.4275978,-99.1507457
10155974412,19.4274742,-99.1489519
10155974415,19.427391,-99.1503038
10156001517,19.4273819,-99.1501281
10156001520,19.4273743,-99.1499821
10156001526,19.4273513,-99.1495386
10172175738,19.4203149,-99.1532089
10174922823,19.4255599,-99.1511989
10174922824,19.4241046,-99.1514936
10174922825,19.4232193,-99.1516752
10174922826,19.4223384,-99.1518398
10174922827,19.4210413,-99.1521073
10174922828,19.4196036,-99.1523013
10174922829,19.4184618,-99.1524509
10174922830,19.4176881,-99.1525634
10174922831,19.4167362,-99.152695
10174922832,19.4158506,-99.1528164
10174922833,19.4149599,-99.1529364
10174922834,19.4137906,-99.1531696
10174922835,19.4254958,-99.1512118
10174922836,19.4223591,-99.151836
10174922837,19.4158695,-99.1528137
10174922838,19.41392,-99.1530709
10174922839,19.4138548,-99.1531128
10176146790,19.430109,-99.1508382
10176146792,19.4300086,-99.1502521
10176146802,19.4304673,-99.1502351
10176146804,19.4297772,-99.1502991
10226475615,19.4301177,-99.1456186
10247583867,19.4131687,-99.1348785
10262766668,19.4306321,-99.1585806
10266286548,19.4185868,-99.1539942
10288194502,19.4183663,-99.1505295
10288194503,19.4195423,-99.1503705
10288194504,19.4208571,-99.1501792
10288194505,19.4240853,-99.1495616
10288194506,19.425807,-99.1491856
10288194507,19.4249028,-99.1493812
10288194508,19.4239765,-99.1495824
10288227309,19.4221705,-99.149928
10288227310,19.4221811,-99.1499259
10288227311,19.4208319,-99.1501829
10288227312,19.4194588,-99.1503818
10288227313,19.4183128,-99.1505365
10288227314,19.4175179,-99.1506408
10580028851,19.4237366,-99.1427985
10580028852,19.426569,-99.1420345
10580028853,19.4269243,-99.1419451
10582643777,19.4179476,-99.1435522
10582643778,19.4211019,-99.1432299
10582643781,19.4217786,-99.1431607
10582643782,19.4242059,-99.1426791
10582818893,19.4261515,-99.1421815
10582818895,19.4286351,-99.1417005
10582818897,19.4298836,-99.1415258
10582818898,19.4307707,-99.1413926
10582818900,19.4316028,-99.141263
10582818901,19.4324448,-99.1411358
10582818902,19.4336832,-99.140942
10582818904,19.4356645,-99.1406426
10582826920,19.4373753,-99.1403637
10583196708,19.4403376,-99.1399052
10591136827,19.4397738,-99.1400752
10591136829,19.4265892,-99.1421518
10591136830,19.424426,-99.1426852
10594589082,19.4355577,-99.1544908
10697775151,19.4304056,-99.157824
10697775153,19.4303695,-99.1576821
10702861257,19.4294735,-99.1485156
10702861271,19.4273253,-99.1488487
10702861272,19.4273721,-99.1482592
10702861273,19.4272573,-99.1487452
10702861274,19.4271204,-99.1487447
10702861275,19.4271512,-99.1491387
10702861276,19.4270135,-99.1490827
10702861277,19.4269971,-99.1489331
10702861279,19.4269778,-99.149025
10702861280,19.4297176,-99.1503453
10702861281,19.4300684,-99.1476477
10702861282,19.4301172,-99.1476879
10702861283,19.4301899,-99.1482881
10702861284,19.4301782,-99.1483441
10702861285,19.4301093,-99.1483839
10702861287,19.4300977,-99.1482791
10702861293,19.4301784,-99.1481693
10702861299,19.4302547,-99.1482455
10702893506,19.4302671,-99.1483504
10702893507,19.4301875,-99.1484257
10702893508,19.4304371,-99.1500942
10702893510,19.4305206,-99.150148
10702893511,19.4303647,-99.150179
10702893513,19.4297138,-99.1504184
10702893514,19.4297074,-99.1504486
10702893515,19.4295996,-99.150863
10702893516,19.4295999,-99.1508875
10702893517,19.4296028,-99.1508375
10702893518,19.4297169,-99.1503862
10702893519,19.4296388,-99.1503267
10702916848,19.431256,-99.1479863
10702916850,19.4311912,-99.1480455
10702916852,19.4312065,-99.148147
10702916853,19.4312859,-99.1481912
10702916854,19.4274205,-99.1508576
10702916855,19.4274893,-99.150768
10702916856,19.4274099,-99.1506672
10702916857,19.4273431,-99.1507979
10707602192,19.4215888,-99.1335104
10707602196,19.4206799,-99.1339927
10757798860,19.4264955,-99.142099
10757798861,19.4266001,-99.1421889
10757798862,19.4269414,-99.1421149
10757798863,19.4268149,-99.1420238
10757798864,19.4269109,-99.1418676
10757798865,19.42905,-99.1417683
10757798866,19.4290253,-99.1415738
10757798867,19.4290835,-99.1416356
10757798868,19.4289774,-99.1416523
